run_id,true_label,predicted_label,prob_class_0,prob_class_1
gue_human_tf_0_lora__evo2_1b_base__20260521T051236Z,1,1,0.3005915582180023,0.6994084119796753
gue_human_tf_0_lora__evo2_1b_base__20260521T051236Z,1,1,0.2026797980070114,0.7973201870918274
gue_human_tf_0_lora__evo2_1b_base__20260521T051236Z,1,1,0.017358999699354172,0.9826410412788391
gue_human_tf_0_lora__evo2_1b_base__20260521T051236Z,1,1,0.33003920316696167,0.6699607968330383
gue_human_tf_0_lora__evo2_1b_base__20260521T051236Z,1,1,0.011244559660553932,0.9887554049491882
gue_human_tf_0_lora__evo2_1b_base__20260521T051236Z,1,1,0.012821213342249393,0.9871788024902344
gue_human_tf_0_lora__evo2_1b_base__20260521T051236Z,1,1,0.3008482754230499,0.6991516947746277
gue_human_tf_0_lora__evo2_1b_base__20260521T051236Z,1,1,0.009412589482963085,0.9905874133110046
gue_human_tf_0_lora__evo2_1b_base__20260521T051236Z,1,1,0.2689894437789917,0.7310105562210083
gue_human_tf_0_lora__evo2_1b_base__20260521T051236Z,1,1,0.02190636470913887,0.9780936241149902
gue_human_tf_0_lora__evo2_1b_base__20260521T051236Z,1,1,0.14749377965927124,0.852506160736084
gue_human_tf_0_lora__evo2_1b_base__20260521T051236Z,1,1,0.07237402349710464,0.9276259541511536
gue_human_tf_0_lora__evo2_1b_base__20260521T051236Z,1,1,0.1424703449010849,0.8575296401977539
gue_human_tf_0_lora__evo2_1b_base__20260521T051236Z,1,1,0.3412531018257141,0.6587468981742859
gue_human_tf_0_lora__evo2_1b_base__20260521T051236Z,1,1,0.01805533468723297,0.9819446802139282
gue_human_tf_0_lora__evo2_1b_base__20260521T051236Z,1,1,0.4447003901004791,0.5552995800971985
gue_human_tf_0_lora__evo2_1b_base__20260521T051236Z,1,1,0.06512755155563354,0.9348725080490112
gue_human_tf_0_lora__evo2_1b_base__20260521T051236Z,1,1,0.2375759482383728,0.7624240517616272
gue_human_tf_0_lora__evo2_1b_base__20260521T051236Z,1,1,0.04858620837330818,0.9514138102531433
gue_human_tf_0_lora__evo2_1b_base__20260521T051236Z,1,1,0.017392346635460854,0.9826076626777649
gue_human_tf_0_lora__evo2_1b_base__20260521T051236Z,1,1,0.02412242442369461,0.9758776426315308
gue_human_tf_0_lora__evo2_1b_base__20260521T051236Z,1,1,0.09130105376243591,0.9086989760398865
gue_human_tf_0_lora__evo2_1b_base__20260521T051236Z,1,1,0.28547152876853943,0.7145284414291382
gue_human_tf_0_lora__evo2_1b_base__20260521T051236Z,1,1,0.3054383099079132,0.6945617198944092
gue_human_tf_0_lora__evo2_1b_base__20260521T051236Z,1,0,0.9640178084373474,0.035982176661491394
gue_human_tf_0_lora__evo2_1b_base__20260521T051236Z,1,1,0.30228808522224426,0.6977118849754333
gue_human_tf_0_lora__evo2_1b_base__20260521T051236Z,1,1,0.12394766509532928,0.8760523796081543
gue_human_tf_0_lora__evo2_1b_base__20260521T051236Z,1,1,0.18206167221069336,0.8179383277893066
gue_human_tf_0_lora__evo2_1b_base__20260521T051236Z,1,1,0.1826440989971161,0.8173559308052063
gue_human_tf_0_lora__evo2_1b_base__20260521T051236Z,1,1,0.12776140868663788,0.8722385764122009
gue_human_tf_0_lora__evo2_1b_base__20260521T051236Z,1,1,0.05592617392539978,0.9440738558769226
gue_human_tf_0_lora__evo2_1b_base__20260521T051236Z,1,1,0.04426587373018265,0.9557340741157532
gue_human_tf_0_lora__evo2_1b_base__20260521T051236Z,1,1,0.09501305222511292,0.9049869179725647
gue_human_tf_0_lora__evo2_1b_base__20260521T051236Z,1,1,0.19713515043258667,0.8028648495674133
gue_human_tf_0_lora__evo2_1b_base__20260521T051236Z,1,1,0.4196182191371918,0.5803818106651306
gue_human_tf_0_lora__evo2_1b_base__20260521T051236Z,1,1,0.30476540327072144,0.6952346563339233
gue_human_tf_0_lora__evo2_1b_base__20260521T051236Z,1,1,0.43113505840301514,0.5688649415969849
gue_human_tf_0_lora__evo2_1b_base__20260521T051236Z,1,1,0.0972188413143158,0.9027811288833618
gue_human_tf_0_lora__evo2_1b_base__20260521T051236Z,1,1,0.1691998690366745,0.8308001160621643
gue_human_tf_0_lora__evo2_1b_base__20260521T051236Z,1,1,0.05056452751159668,0.9494354724884033
gue_human_tf_0_lora__evo2_1b_base__20260521T051236Z,1,0,0.5303276777267456,0.4696722626686096
gue_human_tf_0_lora__evo2_1b_base__20260521T051236Z,1,1,0.017627544701099396,0.9823724627494812
gue_human_tf_0_lora__evo2_1b_base__20260521T051236Z,1,1,0.2791893184185028,0.7208106517791748
gue_human_tf_0_lora__evo2_1b_base__20260521T051236Z,1,1,0.016689060255885124,0.9833109378814697
gue_human_tf_0_lora__evo2_1b_base__20260521T051236Z,1,1,0.27595824003219604,0.7240418195724487
gue_human_tf_0_lora__evo2_1b_base__20260521T051236Z,1,1,0.13904529809951782,0.8609547019004822
gue_human_tf_0_lora__evo2_1b_base__20260521T051236Z,1,1,0.05136750638484955,0.9486324787139893
gue_human_tf_0_lora__evo2_1b_base__20260521T051236Z,1,1,0.3589708209037781,0.6410291790962219
gue_human_tf_0_lora__evo2_1b_base__20260521T051236Z,1,1,0.10284408181905746,0.8971559405326843
gue_human_tf_0_lora__evo2_1b_base__20260521T051236Z,1,1,0.008916126564145088,0.9910838603973389
gue_human_tf_0_lora__evo2_1b_base__20260521T051236Z,1,1,0.48800891637802124,0.5119910836219788
gue_human_tf_0_lora__evo2_1b_base__20260521T051236Z,1,0,0.6387789249420166,0.361221045255661
gue_human_tf_0_lora__evo2_1b_base__20260521T051236Z,1,1,0.05997643992304802,0.9400236010551453
gue_human_tf_0_lora__evo2_1b_base__20260521T051236Z,1,1,0.043650273233652115,0.9563496708869934
gue_human_tf_0_lora__evo2_1b_base__20260521T051236Z,1,1,0.15687833726406097,0.8431217074394226
gue_human_tf_0_lora__evo2_1b_base__20260521T051236Z,1,1,0.04822634160518646,0.9517735838890076
gue_human_tf_0_lora__evo2_1b_base__20260521T051236Z,1,1,0.007785654626786709,0.9922143816947937
gue_human_tf_0_lora__evo2_1b_base__20260521T051236Z,1,1,0.21510331332683563,0.7848966717720032
gue_human_tf_0_lora__evo2_1b_base__20260521T051236Z,1,1,0.01727590523660183,0.982724130153656
gue_human_tf_0_lora__evo2_1b_base__20260521T051236Z,1,1,0.2554365396499634,0.7445634603500366
gue_human_tf_0_lora__evo2_1b_base__20260521T051236Z,1,1,0.04836098849773407,0.95163893699646
gue_human_tf_0_lora__evo2_1b_base__20260521T051236Z,1,1,0.4638844132423401,0.5361155867576599
gue_human_tf_0_lora__evo2_1b_base__20260521T051236Z,1,1,0.02830144762992859,0.9716985821723938
gue_human_tf_0_lora__evo2_1b_base__20260521T051236Z,1,1,0.08866234868764877,0.911337673664093
gue_human_tf_0_lora__evo2_1b_base__20260521T051236Z,1,1,0.026355354115366936,0.9736446738243103
gue_human_tf_0_lora__evo2_1b_base__20260521T051236Z,1,1,0.38954654335975647,0.6104534864425659
gue_human_tf_0_lora__evo2_1b_base__20260521T051236Z,1,1,0.03268223628401756,0.9673178195953369
gue_human_tf_0_lora__evo2_1b_base__20260521T051236Z,1,1,0.045394882559776306,0.9546051621437073
gue_human_tf_0_lora__evo2_1b_base__20260521T051236Z,1,1,0.1709919571876526,0.8290080428123474
gue_human_tf_0_lora__evo2_1b_base__20260521T051236Z,1,1,0.04586266726255417,0.95413738489151
gue_human_tf_0_lora__evo2_1b_base__20260521T051236Z,1,1,0.13922074437141418,0.8607792258262634
gue_human_tf_0_lora__evo2_1b_base__20260521T051236Z,1,1,0.35281476378440857,0.6471852660179138
gue_human_tf_0_lora__evo2_1b_base__20260521T051236Z,1,1,0.07198163121938705,0.9280183911323547
gue_human_tf_0_lora__evo2_1b_base__20260521T051236Z,1,1,0.018959863111376762,0.9810401201248169
gue_human_tf_0_lora__evo2_1b_base__20260521T051236Z,1,1,0.04031343758106232,0.9596865773200989
gue_human_tf_0_lora__evo2_1b_base__20260521T051236Z,1,0,0.5857825875282288,0.41421741247177124
gue_human_tf_0_lora__evo2_1b_base__20260521T051236Z,1,1,0.02004261501133442,0.9799574017524719
gue_human_tf_0_lora__evo2_1b_base__20260521T051236Z,1,1,0.14511536061763763,0.854884684085846
gue_human_tf_0_lora__evo2_1b_base__20260521T051236Z,1,1,0.01659317873418331,0.9834068417549133
gue_human_tf_0_lora__evo2_1b_base__20260521T051236Z,1,1,0.12231338024139404,0.8776865601539612
gue_human_tf_0_lora__evo2_1b_base__20260521T051236Z,1,1,0.2807149589061737,0.7192850708961487
gue_human_tf_0_lora__evo2_1b_base__20260521T051236Z,1,1,0.014957087114453316,0.985042929649353
gue_human_tf_0_lora__evo2_1b_base__20260521T051236Z,1,1,0.0189962275326252,0.9810037016868591
gue_human_tf_0_lora__evo2_1b_base__20260521T051236Z,1,1,0.17023193836212158,0.8297680616378784
gue_human_tf_0_lora__evo2_1b_base__20260521T051236Z,1,1,0.45114514231681824,0.5488548278808594
gue_human_tf_0_lora__evo2_1b_base__20260521T051236Z,1,1,0.174480602145195,0.8255194425582886
gue_human_tf_0_lora__evo2_1b_base__20260521T051236Z,1,1,0.3846520781517029,0.6153479814529419
gue_human_tf_0_lora__evo2_1b_base__20260521T051236Z,1,0,0.5343999266624451,0.46560007333755493
gue_human_tf_0_lora__evo2_1b_base__20260521T051236Z,1,1,0.07892589271068573,0.9210741519927979
gue_human_tf_0_lora__evo2_1b_base__20260521T051236Z,1,1,0.018941707909107208,0.9810583591461182
gue_human_tf_0_lora__evo2_1b_base__20260521T051236Z,1,1,0.3517563045024872,0.6482437252998352
gue_human_tf_0_lora__evo2_1b_base__20260521T051236Z,1,0,0.6613215804100037,0.33867835998535156
gue_human_tf_0_lora__evo2_1b_base__20260521T051236Z,1,1,0.016657039523124695,0.9833430051803589
gue_human_tf_0_lora__evo2_1b_base__20260521T051236Z,1,1,0.03963884338736534,0.9603611826896667
gue_human_tf_0_lora__evo2_1b_base__20260521T051236Z,1,1,0.16593071818351746,0.8340692520141602
gue_human_tf_0_lora__evo2_1b_base__20260521T051236Z,1,1,0.17175467312335968,0.8282453417778015
gue_human_tf_0_lora__evo2_1b_base__20260521T051236Z,1,1,0.12667711079120636,0.8733229041099548
gue_human_tf_0_lora__evo2_1b_base__20260521T051236Z,1,1,0.24247460067272186,0.7575254440307617
gue_human_tf_0_lora__evo2_1b_base__20260521T051236Z,1,1,0.06760823726654053,0.9323918223381042
gue_human_tf_0_lora__evo2_1b_base__20260521T051236Z,1,1,0.2630310654640198,0.7369689345359802
gue_human_tf_0_lora__evo2_1b_base__20260521T051236Z,1,1,0.05335398390889168,0.9466460347175598
gue_human_tf_0_lora__evo2_1b_base__20260521T051236Z,1,1,0.033305369317531586,0.9666946530342102
gue_human_tf_0_lora__evo2_1b_base__20260521T051236Z,1,1,0.009840806014835835,0.9901592135429382
gue_human_tf_0_lora__evo2_1b_base__20260521T051236Z,1,1,0.04514164477586746,0.9548583030700684
gue_human_tf_0_lora__evo2_1b_base__20260521T051236Z,1,1,0.4910593032836914,0.5089406967163086
gue_human_tf_0_lora__evo2_1b_base__20260521T051236Z,1,1,0.1777394860982895,0.8222604990005493
gue_human_tf_0_lora__evo2_1b_base__20260521T051236Z,1,1,0.47955700755119324,0.5204430222511292
gue_human_tf_0_lora__evo2_1b_base__20260521T051236Z,1,1,0.025809619575738907,0.974190354347229
gue_human_tf_0_lora__evo2_1b_base__20260521T051236Z,1,1,0.16947460174560547,0.8305253982543945
gue_human_tf_0_lora__evo2_1b_base__20260521T051236Z,1,1,0.210198312997818,0.7898016571998596
gue_human_tf_0_lora__evo2_1b_base__20260521T051236Z,1,1,0.039676032960414886,0.9603239297866821
gue_human_tf_0_lora__evo2_1b_base__20260521T051236Z,1,1,0.3655698895454407,0.6344301104545593
gue_human_tf_0_lora__evo2_1b_base__20260521T051236Z,1,1,0.2700468599796295,0.7299531102180481
gue_human_tf_0_lora__evo2_1b_base__20260521T051236Z,1,1,0.35203465819358826,0.6479653120040894
gue_human_tf_0_lora__evo2_1b_base__20260521T051236Z,1,1,0.14560063183307648,0.8543993234634399
gue_human_tf_0_lora__evo2_1b_base__20260521T051236Z,1,1,0.026205411180853844,0.9737945199012756
gue_human_tf_0_lora__evo2_1b_base__20260521T051236Z,1,0,0.6877872943878174,0.3122127056121826
gue_human_tf_0_lora__evo2_1b_base__20260521T051236Z,1,1,0.2632204294204712,0.7367795705795288
gue_human_tf_0_lora__evo2_1b_base__20260521T051236Z,1,1,0.3755919635295868,0.6244080662727356
gue_human_tf_0_lora__evo2_1b_base__20260521T051236Z,1,1,0.0326513797044754,0.967348575592041
gue_human_tf_0_lora__evo2_1b_base__20260521T051236Z,1,1,0.01824677549302578,0.9817532300949097
gue_human_tf_0_lora__evo2_1b_base__20260521T051236Z,1,1,0.1892961859703064,0.8107037544250488
gue_human_tf_0_lora__evo2_1b_base__20260521T051236Z,1,1,0.3990210294723511,0.6009790301322937
gue_human_tf_0_lora__evo2_1b_base__20260521T051236Z,1,1,0.2375759482383728,0.7624240517616272
gue_human_tf_0_lora__evo2_1b_base__20260521T051236Z,1,1,0.1119188517332077,0.8880811929702759
gue_human_tf_0_lora__evo2_1b_base__20260521T051236Z,1,1,0.0075772409327328205,0.9924227595329285
gue_human_tf_0_lora__evo2_1b_base__20260521T051236Z,1,1,0.010150015354156494,0.9898499250411987
gue_human_tf_0_lora__evo2_1b_base__20260521T051236Z,1,1,0.2608599066734314,0.7391400933265686
gue_human_tf_0_lora__evo2_1b_base__20260521T051236Z,1,1,0.06119922548532486,0.9388007521629333
gue_human_tf_0_lora__evo2_1b_base__20260521T051236Z,1,1,0.11230769008398056,0.8876923322677612
gue_human_tf_0_lora__evo2_1b_base__20260521T051236Z,1,0,0.7663810849189758,0.23361892998218536
gue_human_tf_0_lora__evo2_1b_base__20260521T051236Z,1,1,0.012123754248023033,0.9878761768341064
gue_human_tf_0_lora__evo2_1b_base__20260521T051236Z,1,1,0.2965523898601532,0.7034476399421692
gue_human_tf_0_lora__evo2_1b_base__20260521T051236Z,1,0,0.9331267476081848,0.06687323749065399
gue_human_tf_0_lora__evo2_1b_base__20260521T051236Z,1,0,0.5647287368774414,0.435271292924881
gue_human_tf_0_lora__evo2_1b_base__20260521T051236Z,1,1,0.2206781655550003,0.7793218493461609
gue_human_tf_0_lora__evo2_1b_base__20260521T051236Z,1,1,0.15720152854919434,0.8427984118461609
gue_human_tf_0_lora__evo2_1b_base__20260521T051236Z,1,1,0.07362963259220123,0.92637038230896
gue_human_tf_0_lora__evo2_1b_base__20260521T051236Z,1,1,0.029507361352443695,0.9704926013946533
gue_human_tf_0_lora__evo2_1b_base__20260521T051236Z,1,1,0.30331888794898987,0.6966810822486877
gue_human_tf_0_lora__evo2_1b_base__20260521T051236Z,1,1,0.3085547387599945,0.6914452910423279
gue_human_tf_0_lora__evo2_1b_base__20260521T051236Z,1,1,0.31048527359962463,0.6895147562026978
gue_human_tf_0_lora__evo2_1b_base__20260521T051236Z,1,1,0.07011259347200394,0.9298873543739319
gue_human_tf_0_lora__evo2_1b_base__20260521T051236Z,1,1,0.16810448467731476,0.8318955302238464
gue_human_tf_0_lora__evo2_1b_base__20260521T051236Z,1,1,0.12727250158786774,0.8727275133132935
gue_human_tf_0_lora__evo2_1b_base__20260521T051236Z,1,1,0.18780207633972168,0.8121979832649231
gue_human_tf_0_lora__evo2_1b_base__20260521T051236Z,1,1,0.1557193398475647,0.8442806601524353
gue_human_tf_0_lora__evo2_1b_base__20260521T051236Z,1,1,0.19930797815322876,0.8006919622421265
gue_human_tf_0_lora__evo2_1b_base__20260521T051236Z,1,1,0.32215267419815063,0.6778473258018494
gue_human_tf_0_lora__evo2_1b_base__20260521T051236Z,1,1,0.0643000602722168,0.9356999397277832
gue_human_tf_0_lora__evo2_1b_base__20260521T051236Z,1,1,0.0035657368134707212,0.996434211730957
gue_human_tf_0_lora__evo2_1b_base__20260521T051236Z,1,1,0.07985373586416245,0.9201462268829346
gue_human_tf_0_lora__evo2_1b_base__20260521T051236Z,1,0,0.5483409762382507,0.45165905356407166
gue_human_tf_0_lora__evo2_1b_base__20260521T051236Z,1,1,0.4639299511909485,0.5360699892044067
gue_human_tf_0_lora__evo2_1b_base__20260521T051236Z,1,1,0.35840919613838196,0.6415908336639404
gue_human_tf_0_lora__evo2_1b_base__20260521T051236Z,1,1,0.24553699791431427,0.7544629573822021
gue_human_tf_0_lora__evo2_1b_base__20260521T051236Z,1,1,0.16708272695541382,0.8329172730445862
gue_human_tf_0_lora__evo2_1b_base__20260521T051236Z,1,1,0.13050690293312073,0.8694931268692017
gue_human_tf_0_lora__evo2_1b_base__20260521T051236Z,1,0,0.5344302654266357,0.46556970477104187
gue_human_tf_0_lora__evo2_1b_base__20260521T051236Z,1,1,0.0036713576409965754,0.9963286519050598
gue_human_tf_0_lora__evo2_1b_base__20260521T051236Z,1,0,0.6720626950263977,0.3279372751712799
gue_human_tf_0_lora__evo2_1b_base__20260521T051236Z,1,1,0.4603192210197449,0.5396807789802551
gue_human_tf_0_lora__evo2_1b_base__20260521T051236Z,1,1,0.09351230412721634,0.9064877033233643
gue_human_tf_0_lora__evo2_1b_base__20260521T051236Z,1,1,0.17433996498584747,0.825659990310669
gue_human_tf_0_lora__evo2_1b_base__20260521T051236Z,1,1,0.11047115176916122,0.8895288109779358
gue_human_tf_0_lora__evo2_1b_base__20260521T051236Z,1,1,0.12152928113937378,0.8784707188606262
gue_human_tf_0_lora__evo2_1b_base__20260521T051236Z,1,1,0.23837286233901978,0.7616271376609802
gue_human_tf_0_lora__evo2_1b_base__20260521T051236Z,1,1,0.15713685750961304,0.842863142490387
gue_human_tf_0_lora__evo2_1b_base__20260521T051236Z,1,1,0.1555909812450409,0.8444089889526367
gue_human_tf_0_lora__evo2_1b_base__20260521T051236Z,1,0,0.6621413826942444,0.337858647108078
gue_human_tf_0_lora__evo2_1b_base__20260521T051236Z,1,1,0.04729369282722473,0.9527063369750977
gue_human_tf_0_lora__evo2_1b_base__20260521T051236Z,1,1,0.018264278769493103,0.9817357659339905
gue_human_tf_0_lora__evo2_1b_base__20260521T051236Z,1,1,0.019400762394070625,0.9805992841720581
gue_human_tf_0_lora__evo2_1b_base__20260521T051236Z,1,1,0.3231130540370941,0.6768869757652283
gue_human_tf_0_lora__evo2_1b_base__20260521T051236Z,1,1,0.09203285723924637,0.907967209815979
gue_human_tf_0_lora__evo2_1b_base__20260521T051236Z,1,1,0.4015117585659027,0.5984882116317749
gue_human_tf_0_lora__evo2_1b_base__20260521T051236Z,1,1,0.1544397622346878,0.8455602526664734
gue_human_tf_0_lora__evo2_1b_base__20260521T051236Z,1,1,0.017242776229977608,0.9827572107315063
gue_human_tf_0_lora__evo2_1b_base__20260521T051236Z,1,1,0.009055264294147491,0.9909447431564331
gue_human_tf_0_lora__evo2_1b_base__20260521T051236Z,1,0,0.506482720375061,0.49351730942726135
gue_human_tf_0_lora__evo2_1b_base__20260521T051236Z,1,1,0.26454830169677734,0.7354516386985779
gue_human_tf_0_lora__evo2_1b_base__20260521T051236Z,1,1,0.216342493891716,0.7836575508117676
gue_human_tf_0_lora__evo2_1b_base__20260521T051236Z,1,1,0.021471237763762474,0.9785287380218506
gue_human_tf_0_lora__evo2_1b_base__20260521T051236Z,1,1,0.1640472114086151,0.8359527587890625
gue_human_tf_0_lora__evo2_1b_base__20260521T051236Z,1,1,0.19821932911872864,0.8017807006835938
gue_human_tf_0_lora__evo2_1b_base__20260521T051236Z,1,1,0.1788124293088913,0.8211875557899475
gue_human_tf_0_lora__evo2_1b_base__20260521T051236Z,1,1,0.00341627886518836,0.9965837001800537
gue_human_tf_0_lora__evo2_1b_base__20260521T051236Z,1,1,0.07956718653440475,0.9204327464103699
gue_human_tf_0_lora__evo2_1b_base__20260521T051236Z,1,1,0.008187910541892052,0.9918121099472046
gue_human_tf_0_lora__evo2_1b_base__20260521T051236Z,1,1,0.4513415992259979,0.5486583709716797
gue_human_tf_0_lora__evo2_1b_base__20260521T051236Z,1,0,0.5709893107414246,0.42901068925857544
gue_human_tf_0_lora__evo2_1b_base__20260521T051236Z,1,1,0.05480259656906128,0.9451974034309387
gue_human_tf_0_lora__evo2_1b_base__20260521T051236Z,1,1,0.3224726617336273,0.6775273680686951
gue_human_tf_0_lora__evo2_1b_base__20260521T051236Z,1,1,0.06148036569356918,0.9385196566581726
gue_human_tf_0_lora__evo2_1b_base__20260521T051236Z,1,1,0.032436154782772064,0.967563807964325
gue_human_tf_0_lora__evo2_1b_base__20260521T051236Z,1,1,0.0027683854568749666,0.997231662273407
gue_human_tf_0_lora__evo2_1b_base__20260521T051236Z,1,1,0.38966265320777893,0.6103373169898987
gue_human_tf_0_lora__evo2_1b_base__20260521T051236Z,1,0,0.5657186508178711,0.4342813491821289
gue_human_tf_0_lora__evo2_1b_base__20260521T051236Z,1,1,0.1465752124786377,0.8534248471260071
gue_human_tf_0_lora__evo2_1b_base__20260521T051236Z,1,1,0.07068779319524765,0.9293122291564941
gue_human_tf_0_lora__evo2_1b_base__20260521T051236Z,1,1,0.2815537452697754,0.7184462547302246
gue_human_tf_0_lora__evo2_1b_base__20260521T051236Z,1,0,0.8094266653060913,0.1905733346939087
gue_human_tf_0_lora__evo2_1b_base__20260521T051236Z,1,1,0.026861201971769333,0.9731387495994568
gue_human_tf_0_lora__evo2_1b_base__20260521T051236Z,1,1,0.4598037302494049,0.5401962399482727
gue_human_tf_0_lora__evo2_1b_base__20260521T051236Z,1,1,0.021206121891736984,0.9787938594818115
gue_human_tf_0_lora__evo2_1b_base__20260521T051236Z,1,1,0.3835258483886719,0.6164741516113281
gue_human_tf_0_lora__evo2_1b_base__20260521T051236Z,1,1,0.10061320662498474,0.8993868231773376
gue_human_tf_0_lora__evo2_1b_base__20260521T051236Z,1,1,0.4705997407436371,0.5294002294540405
gue_human_tf_0_lora__evo2_1b_base__20260521T051236Z,1,1,0.011201213113963604,0.9887987971305847
gue_human_tf_0_lora__evo2_1b_base__20260521T051236Z,1,1,0.10585582256317139,0.8941442370414734
gue_human_tf_0_lora__evo2_1b_base__20260521T051236Z,1,1,0.25851312279701233,0.7414868474006653
gue_human_tf_0_lora__evo2_1b_base__20260521T051236Z,1,1,0.27717939019203186,0.7228206396102905
gue_human_tf_0_lora__evo2_1b_base__20260521T051236Z,1,1,0.0684129074215889,0.9315870404243469
gue_human_tf_0_lora__evo2_1b_base__20260521T051236Z,1,1,0.14151854813098907,0.8584814667701721
gue_human_tf_0_lora__evo2_1b_base__20260521T051236Z,1,1,0.0049054063856601715,0.9950946569442749
gue_human_tf_0_lora__evo2_1b_base__20260521T051236Z,1,1,0.26383641362190247,0.7361635565757751
gue_human_tf_0_lora__evo2_1b_base__20260521T051236Z,1,1,0.09451042115688324,0.9054896235466003
gue_human_tf_0_lora__evo2_1b_base__20260521T051236Z,1,1,0.01908743381500244,0.9809125065803528
gue_human_tf_0_lora__evo2_1b_base__20260521T051236Z,1,1,0.1291828602552414,0.8708171844482422
gue_human_tf_0_lora__evo2_1b_base__20260521T051236Z,1,1,0.010860332287847996,0.9891397356987
gue_human_tf_0_lora__evo2_1b_base__20260521T051236Z,1,1,0.037856847047805786,0.9621431827545166
gue_human_tf_0_lora__evo2_1b_base__20260521T051236Z,1,1,0.15546272695064545,0.8445372581481934
gue_human_tf_0_lora__evo2_1b_base__20260521T051236Z,1,1,0.1905733346939087,0.8094266653060913
gue_human_tf_0_lora__evo2_1b_base__20260521T051236Z,1,1,0.15348570048809052,0.8465142846107483
gue_human_tf_0_lora__evo2_1b_base__20260521T051236Z,1,1,0.10230471193790436,0.8976953029632568
gue_human_tf_0_lora__evo2_1b_base__20260521T051236Z,1,1,0.32734566926956177,0.6726543307304382
gue_human_tf_0_lora__evo2_1b_base__20260521T051236Z,1,1,0.28437721729278564,0.7156228423118591
gue_human_tf_0_lora__evo2_1b_base__20260521T051236Z,1,1,0.09859886020421982,0.9014011025428772
gue_human_tf_0_lora__evo2_1b_base__20260521T051236Z,1,1,0.16803622245788574,0.831963837146759
gue_human_tf_0_lora__evo2_1b_base__20260521T051236Z,1,1,0.3470943570137024,0.6529056429862976
gue_human_tf_0_lora__evo2_1b_base__20260521T051236Z,1,1,0.04360952600836754,0.9563905000686646
gue_human_tf_0_lora__evo2_1b_base__20260521T051236Z,1,1,0.07737810164690018,0.9226218461990356
gue_human_tf_0_lora__evo2_1b_base__20260521T051236Z,1,1,0.20922721922397614,0.7907727956771851
gue_human_tf_0_lora__evo2_1b_base__20260521T051236Z,1,1,0.3857506215572357,0.6142494082450867
gue_human_tf_0_lora__evo2_1b_base__20260521T051236Z,1,1,0.02527489885687828,0.9747251272201538
gue_human_tf_0_lora__evo2_1b_base__20260521T051236Z,1,1,0.1685830056667328,0.8314169645309448
gue_human_tf_0_lora__evo2_1b_base__20260521T051236Z,1,1,0.27963173389434814,0.7203682661056519
gue_human_tf_0_lora__evo2_1b_base__20260521T051236Z,1,1,0.07921033352613449,0.9207897186279297
gue_human_tf_0_lora__evo2_1b_base__20260521T051236Z,1,1,0.09903369098901749,0.9009662866592407
gue_human_tf_0_lora__evo2_1b_base__20260521T051236Z,1,1,0.04505753144621849,0.9549424648284912
gue_human_tf_0_lora__evo2_1b_base__20260521T051236Z,1,1,0.047030385583639145,0.9529695510864258
gue_human_tf_0_lora__evo2_1b_base__20260521T051236Z,1,1,0.10715685039758682,0.8928431868553162
gue_human_tf_0_lora__evo2_1b_base__20260521T051236Z,1,1,0.1336977332830429,0.8663023114204407
gue_human_tf_0_lora__evo2_1b_base__20260521T051236Z,1,1,0.03299237787723541,0.967007577419281
gue_human_tf_0_lora__evo2_1b_base__20260521T051236Z,1,1,0.31536686420440674,0.6846330761909485
gue_human_tf_0_lora__evo2_1b_base__20260521T051236Z,1,1,0.15752525627613068,0.8424747586250305
gue_human_tf_0_lora__evo2_1b_base__20260521T051236Z,1,1,0.01956867426633835,0.9804313778877258
gue_human_tf_0_lora__evo2_1b_base__20260521T051236Z,1,1,0.0073600816540420055,0.9926398992538452
gue_human_tf_0_lora__evo2_1b_base__20260521T051236Z,1,1,0.04958902299404144,0.9504110217094421
gue_human_tf_0_lora__evo2_1b_base__20260521T051236Z,1,0,0.9491063356399536,0.05089372396469116
gue_human_tf_0_lora__evo2_1b_base__20260521T051236Z,1,1,0.026006784290075302,0.973993182182312
gue_human_tf_0_lora__evo2_1b_base__20260521T051236Z,1,1,0.05948283150792122,0.9405171871185303
gue_human_tf_0_lora__evo2_1b_base__20260521T051236Z,1,1,0.03240551799535751,0.9675945043563843
gue_human_tf_0_lora__evo2_1b_base__20260521T051236Z,1,1,0.34648600220680237,0.65351402759552
gue_human_tf_0_lora__evo2_1b_base__20260521T051236Z,1,0,0.7240418195724487,0.27595824003219604
gue_human_tf_0_lora__evo2_1b_base__20260521T051236Z,1,1,0.272024542093277,0.7279754281044006
gue_human_tf_0_lora__evo2_1b_base__20260521T051236Z,1,0,0.6701767444610596,0.3298232853412628
gue_human_tf_0_lora__evo2_1b_base__20260521T051236Z,1,1,0.10970576852560043,0.8902942538261414
gue_human_tf_0_lora__evo2_1b_base__20260521T051236Z,1,0,0.5255818963050842,0.47441810369491577
gue_human_tf_0_lora__evo2_1b_base__20260521T051236Z,1,1,0.058614686131477356,0.9413852691650391
gue_human_tf_0_lora__evo2_1b_base__20260521T051236Z,1,1,0.10530251264572144,0.8946975469589233
gue_human_tf_0_lora__evo2_1b_base__20260521T051236Z,1,1,0.02157406695187092,0.978425920009613
gue_human_tf_0_lora__evo2_1b_base__20260521T051236Z,1,1,0.05839952081441879,0.941600501537323
gue_human_tf_0_lora__evo2_1b_base__20260521T051236Z,1,1,0.03753800690174103,0.9624620079994202
gue_human_tf_0_lora__evo2_1b_base__20260521T051236Z,1,1,0.028761589899659157,0.9712384939193726
gue_human_tf_0_lora__evo2_1b_base__20260521T051236Z,1,1,0.008610767312347889,0.9913892149925232
gue_human_tf_0_lora__evo2_1b_base__20260521T051236Z,1,1,0.4927392601966858,0.507260799407959
gue_human_tf_0_lora__evo2_1b_base__20260521T051236Z,1,1,0.3163164556026459,0.6836835145950317
gue_human_tf_0_lora__evo2_1b_base__20260521T051236Z,1,1,0.06278920918703079,0.937210738658905
gue_human_tf_0_lora__evo2_1b_base__20260521T051236Z,1,1,0.013480103574693203,0.9865199327468872
gue_human_tf_0_lora__evo2_1b_base__20260521T051236Z,1,1,0.14145924150943756,0.8585407733917236
gue_human_tf_0_lora__evo2_1b_base__20260521T051236Z,1,1,0.1321781426668167,0.8678218126296997
gue_human_tf_0_lora__evo2_1b_base__20260521T051236Z,1,1,0.38075894117355347,0.6192409992218018
gue_human_tf_0_lora__evo2_1b_base__20260521T051236Z,1,1,0.04764695465564728,0.9523531198501587
gue_human_tf_0_lora__evo2_1b_base__20260521T051236Z,1,1,0.0698583573102951,0.9301416277885437
gue_human_tf_0_lora__evo2_1b_base__20260521T051236Z,1,0,0.6049241423606873,0.39507582783699036
gue_human_tf_0_lora__evo2_1b_base__20260521T051236Z,1,1,0.0023413405288010836,0.9976586103439331
gue_human_tf_0_lora__evo2_1b_base__20260521T051236Z,1,1,0.34654128551483154,0.6534587144851685
gue_human_tf_0_lora__evo2_1b_base__20260521T051236Z,1,1,0.023442290723323822,0.9765576720237732
gue_human_tf_0_lora__evo2_1b_base__20260521T051236Z,1,1,0.24481409788131714,0.7551859021186829
gue_human_tf_0_lora__evo2_1b_base__20260521T051236Z,1,1,0.005291604902595282,0.9947084188461304
gue_human_tf_0_lora__evo2_1b_base__20260521T051236Z,1,1,0.12252321094274521,0.8774768114089966
gue_human_tf_0_lora__evo2_1b_base__20260521T051236Z,1,1,0.1973671168088913,0.8026329278945923
gue_human_tf_0_lora__evo2_1b_base__20260521T051236Z,1,1,0.1578495353460312,0.8421505093574524
gue_human_tf_0_lora__evo2_1b_base__20260521T051236Z,1,1,0.3954259753227234,0.6045740246772766
gue_human_tf_0_lora__evo2_1b_base__20260521T051236Z,1,1,0.026056304574012756,0.9739436507225037
gue_human_tf_0_lora__evo2_1b_base__20260521T051236Z,1,1,0.10585582256317139,0.8941442370414734
gue_human_tf_0_lora__evo2_1b_base__20260521T051236Z,1,1,0.04240383207798004,0.9575962424278259
gue_human_tf_0_lora__evo2_1b_base__20260521T051236Z,1,1,0.006289901677519083,0.9937100410461426
gue_human_tf_0_lora__evo2_1b_base__20260521T051236Z,1,1,0.32402145862579346,0.6759784817695618
gue_human_tf_0_lora__evo2_1b_base__20260521T051236Z,1,1,0.06928941607475281,0.9307105541229248
gue_human_tf_0_lora__evo2_1b_base__20260521T051236Z,1,1,0.023554332554340363,0.976445734500885
gue_human_tf_0_lora__evo2_1b_base__20260521T051236Z,1,1,0.019889742136001587,0.9801102876663208
gue_human_tf_0_lora__evo2_1b_base__20260521T051236Z,1,1,0.10725032538175583,0.8927496671676636
gue_human_tf_0_lora__evo2_1b_base__20260521T051236Z,1,1,0.3084505796432495,0.6915494203567505
gue_human_tf_0_lora__evo2_1b_base__20260521T051236Z,1,1,0.08086410164833069,0.9191359281539917
gue_human_tf_0_lora__evo2_1b_base__20260521T051236Z,1,1,0.4937003552913666,0.5062996745109558
gue_human_tf_0_lora__evo2_1b_base__20260521T051236Z,1,1,0.06859986484050751,0.9314001798629761
gue_human_tf_0_lora__evo2_1b_base__20260521T051236Z,1,1,0.03302355483174324,0.9669764637947083
gue_human_tf_0_lora__evo2_1b_base__20260521T051236Z,1,1,0.05660025775432587,0.9433997869491577
gue_human_tf_0_lora__evo2_1b_base__20260521T051236Z,1,1,0.4293396472930908,0.5706603527069092
gue_human_tf_0_lora__evo2_1b_base__20260521T051236Z,1,1,0.25618013739585876,0.7438198328018188
gue_human_tf_0_lora__evo2_1b_base__20260521T051236Z,1,1,0.00932196993380785,0.990678071975708
gue_human_tf_0_lora__evo2_1b_base__20260521T051236Z,1,1,0.20930802822113037,0.7906919717788696
gue_human_tf_0_lora__evo2_1b_base__20260521T051236Z,1,1,0.05023736506700516,0.9497627019882202
gue_human_tf_0_lora__evo2_1b_base__20260521T051236Z,1,1,0.016371550038456917,0.983628511428833
gue_human_tf_0_lora__evo2_1b_base__20260521T051236Z,1,1,0.173638254404068,0.8263617753982544
gue_human_tf_0_lora__evo2_1b_base__20260521T051236Z,1,1,0.030243217945098877,0.9697568416595459
gue_human_tf_0_lora__evo2_1b_base__20260521T051236Z,1,0,0.8495972156524658,0.15040279924869537
gue_human_tf_0_lora__evo2_1b_base__20260521T051236Z,1,1,0.22017472982406616,0.7798252105712891
gue_human_tf_0_lora__evo2_1b_base__20260521T051236Z,1,1,0.0938439592719078,0.9061560034751892
gue_human_tf_0_lora__evo2_1b_base__20260521T051236Z,1,1,0.29082977771759033,0.7091702222824097
gue_human_tf_0_lora__evo2_1b_base__20260521T051236Z,1,1,0.346375435590744,0.6536245346069336
gue_human_tf_0_lora__evo2_1b_base__20260521T051236Z,1,1,0.4890306890010834,0.510969340801239
gue_human_tf_0_lora__evo2_1b_base__20260521T051236Z,1,1,0.2677430808544159,0.7322569489479065
gue_human_tf_0_lora__evo2_1b_base__20260521T051236Z,1,1,0.13173069059848785,0.8682692646980286
gue_human_tf_0_lora__evo2_1b_base__20260521T051236Z,1,1,0.047691281884908676,0.9523086547851562
gue_human_tf_0_lora__evo2_1b_base__20260521T051236Z,1,1,0.10771874338388443,0.8922812342643738
gue_human_tf_0_lora__evo2_1b_base__20260521T051236Z,1,1,0.15335886180400848,0.8466410636901855
gue_human_tf_0_lora__evo2_1b_base__20260521T051236Z,1,1,0.36789458990097046,0.6321054100990295
gue_human_tf_0_lora__evo2_1b_base__20260521T051236Z,1,1,0.13145172595977783,0.8685482740402222
gue_human_tf_0_lora__evo2_1b_base__20260521T051236Z,1,1,0.4793741703033447,0.5206258296966553
gue_human_tf_0_lora__evo2_1b_base__20260521T051236Z,1,1,0.2392604798078537,0.7607395648956299
gue_human_tf_0_lora__evo2_1b_base__20260521T051236Z,1,1,0.23161423206329346,0.7683857679367065
gue_human_tf_0_lora__evo2_1b_base__20260521T051236Z,1,1,0.17064616084098816,0.8293538093566895
gue_human_tf_0_lora__evo2_1b_base__20260521T051236Z,1,1,0.09816574305295944,0.90183424949646
gue_human_tf_0_lora__evo2_1b_base__20260521T051236Z,1,0,0.5937860012054443,0.40621405839920044
gue_human_tf_0_lora__evo2_1b_base__20260521T051236Z,1,1,0.007149101700633764,0.9928508996963501
gue_human_tf_0_lora__evo2_1b_base__20260521T051236Z,1,1,0.07075196504592896,0.929248034954071
gue_human_tf_0_lora__evo2_1b_base__20260521T051236Z,1,1,0.0723084881901741,0.9276915192604065
gue_human_tf_0_lora__evo2_1b_base__20260521T051236Z,1,1,0.05515776947140694,0.9448422193527222
gue_human_tf_0_lora__evo2_1b_base__20260521T051236Z,1,1,0.004573863931000233,0.9954261183738708
gue_human_tf_0_lora__evo2_1b_base__20260521T051236Z,1,1,0.165256068110466,0.8347439169883728
gue_human_tf_0_lora__evo2_1b_base__20260521T051236Z,1,1,0.03191915154457092,0.9680808186531067
gue_human_tf_0_lora__evo2_1b_base__20260521T051236Z,1,1,0.11894683539867401,0.8810532093048096
gue_human_tf_0_lora__evo2_1b_base__20260521T051236Z,1,1,0.03521113842725754,0.9647889137268066
gue_human_tf_0_lora__evo2_1b_base__20260521T051236Z,1,1,0.47999119758605957,0.5200088620185852
gue_human_tf_0_lora__evo2_1b_base__20260521T051236Z,1,1,0.49743273854255676,0.5025672912597656
gue_human_tf_0_lora__evo2_1b_base__20260521T051236Z,1,0,0.5364646911621094,0.463535338640213
gue_human_tf_0_lora__evo2_1b_base__20260521T051236Z,1,0,0.5233290195465088,0.4766710102558136
gue_human_tf_0_lora__evo2_1b_base__20260521T051236Z,1,1,0.06866227835416794,0.9313377141952515
gue_human_tf_0_lora__evo2_1b_base__20260521T051236Z,1,1,0.17328819632530212,0.8267117738723755
gue_human_tf_0_lora__evo2_1b_base__20260521T051236Z,1,1,0.08254930377006531,0.9174507260322571
gue_human_tf_0_lora__evo2_1b_base__20260521T051236Z,1,0,0.8760523796081543,0.12394766509532928
gue_human_tf_0_lora__evo2_1b_base__20260521T051236Z,1,1,0.25991955399513245,0.7400804162025452
gue_human_tf_0_lora__evo2_1b_base__20260521T051236Z,1,1,0.2675516903400421,0.7324483394622803
gue_human_tf_0_lora__evo2_1b_base__20260521T051236Z,1,1,0.2004794031381607,0.7995205521583557
gue_human_tf_0_lora__evo2_1b_base__20260521T051236Z,1,1,0.22996723651885986,0.7700327038764954
gue_human_tf_0_lora__evo2_1b_base__20260521T051236Z,1,0,0.8636217713356018,0.1363781839609146
gue_human_tf_0_lora__evo2_1b_base__20260521T051236Z,1,1,0.1406310498714447,0.8593689799308777
gue_human_tf_0_lora__evo2_1b_base__20260521T051236Z,1,1,0.41377323865890503,0.586226761341095
gue_human_tf_0_lora__evo2_1b_base__20260521T051236Z,1,1,0.09679113328456879,0.90320885181427
gue_human_tf_0_lora__evo2_1b_base__20260521T051236Z,1,1,0.014985891059041023,0.9850141406059265
gue_human_tf_0_lora__evo2_1b_base__20260521T051236Z,1,1,0.08985311537981033,0.9101468920707703
gue_human_tf_0_lora__evo2_1b_base__20260521T051236Z,1,1,0.00821969285607338,0.9917803406715393
gue_human_tf_0_lora__evo2_1b_base__20260521T051236Z,1,1,0.04954301938414574,0.950456976890564
gue_human_tf_0_lora__evo2_1b_base__20260521T051236Z,1,1,0.09252365678548813,0.9074763655662537
gue_human_tf_0_lora__evo2_1b_base__20260521T051236Z,1,1,0.020586777478456497,0.9794132709503174
gue_human_tf_0_lora__evo2_1b_base__20260521T051236Z,1,1,0.16046325862407684,0.839536726474762
gue_human_tf_0_lora__evo2_1b_base__20260521T051236Z,1,1,0.18140818178653717,0.818591833114624
gue_human_tf_0_lora__evo2_1b_base__20260521T051236Z,1,1,0.002957902615889907,0.9970421195030212
gue_human_tf_0_lora__evo2_1b_base__20260521T051236Z,1,1,0.4957352578639984,0.504264771938324
gue_human_tf_0_lora__evo2_1b_base__20260521T051236Z,1,1,0.2454465627670288,0.754553496837616
gue_human_tf_0_lora__evo2_1b_base__20260521T051236Z,1,1,0.05749328061938286,0.9425067901611328
gue_human_tf_0_lora__evo2_1b_base__20260521T051236Z,1,1,0.23458193242549896,0.7654179930686951
gue_human_tf_0_lora__evo2_1b_base__20260521T051236Z,1,1,0.11240509152412415,0.8875949382781982
gue_human_tf_0_lora__evo2_1b_base__20260521T051236Z,1,1,0.24355244636535645,0.7564474940299988
gue_human_tf_0_lora__evo2_1b_base__20260521T051236Z,1,1,0.031055551022291183,0.9689443707466125
gue_human_tf_0_lora__evo2_1b_base__20260521T051236Z,1,1,0.044389985501766205,0.9556099772453308
gue_human_tf_0_lora__evo2_1b_base__20260521T051236Z,1,1,0.32901430130004883,0.6709856986999512
gue_human_tf_0_lora__evo2_1b_base__20260521T051236Z,1,1,0.16371268033981323,0.8362873792648315
gue_human_tf_0_lora__evo2_1b_base__20260521T051236Z,1,1,0.26274722814559937,0.7372527718544006
gue_human_tf_0_lora__evo2_1b_base__20260521T051236Z,1,1,0.17795369029045105,0.8220463395118713
gue_human_tf_0_lora__evo2_1b_base__20260521T051236Z,1,1,0.0918697863817215,0.9081302285194397
gue_human_tf_0_lora__evo2_1b_base__20260521T051236Z,1,1,0.03952746465802193,0.960472583770752
gue_human_tf_0_lora__evo2_1b_base__20260521T051236Z,1,1,0.34306657314300537,0.6569334864616394
gue_human_tf_0_lora__evo2_1b_base__20260521T051236Z,1,1,0.06512755155563354,0.9348725080490112
gue_human_tf_0_lora__evo2_1b_base__20260521T051236Z,1,1,0.01923425868153572,0.9807657599449158
gue_human_tf_0_lora__evo2_1b_base__20260521T051236Z,1,1,0.0027576221618801355,0.9972423315048218
gue_human_tf_0_lora__evo2_1b_base__20260521T051236Z,1,1,0.13852006196975708,0.8614799976348877
gue_human_tf_0_lora__evo2_1b_base__20260521T051236Z,1,0,0.5131729245185852,0.4868271052837372
gue_human_tf_0_lora__evo2_1b_base__20260521T051236Z,1,1,0.21036048233509064,0.7896394729614258
gue_human_tf_0_lora__evo2_1b_base__20260521T051236Z,1,1,0.29639962315559387,0.7036004066467285
gue_human_tf_0_lora__evo2_1b_base__20260521T051236Z,1,1,0.33524203300476074,0.664758026599884
gue_human_tf_0_lora__evo2_1b_base__20260521T051236Z,1,1,0.06176271289587021,0.9382373094558716
gue_human_tf_0_lora__evo2_1b_base__20260521T051236Z,1,1,0.32896044850349426,0.6710395812988281
gue_human_tf_0_lora__evo2_1b_base__20260521T051236Z,1,1,0.005220125894993544,0.9947799444198608
gue_human_tf_0_lora__evo2_1b_base__20260521T051236Z,1,1,0.3073580265045166,0.6926419734954834
gue_human_tf_0_lora__evo2_1b_base__20260521T051236Z,1,1,0.3304171860218048,0.6695828437805176
gue_human_tf_0_lora__evo2_1b_base__20260521T051236Z,1,1,0.33709442615509033,0.6629056334495544
gue_human_tf_0_lora__evo2_1b_base__20260521T051236Z,1,1,0.340046763420105,0.6599532961845398
gue_human_tf_0_lora__evo2_1b_base__20260521T051236Z,1,1,0.1342642903327942,0.865735650062561
gue_human_tf_0_lora__evo2_1b_base__20260521T051236Z,1,0,0.8243205547332764,0.17567943036556244
gue_human_tf_0_lora__evo2_1b_base__20260521T051236Z,1,1,0.3023395836353302,0.6976603865623474
gue_human_tf_0_lora__evo2_1b_base__20260521T051236Z,1,1,0.054048750549554825,0.9459512829780579
gue_human_tf_0_lora__evo2_1b_base__20260521T051236Z,1,1,0.09492910653352737,0.9050709009170532
gue_human_tf_0_lora__evo2_1b_base__20260521T051236Z,1,1,0.10167861729860306,0.8983213901519775
gue_human_tf_0_lora__evo2_1b_base__20260521T051236Z,1,1,0.15921741724014282,0.8407825827598572
gue_human_tf_0_lora__evo2_1b_base__20260521T051236Z,1,1,0.06036300212144852,0.9396369457244873
gue_human_tf_0_lora__evo2_1b_base__20260521T051236Z,1,1,0.07172112166881561,0.9282788634300232
gue_human_tf_0_lora__evo2_1b_base__20260521T051236Z,1,1,0.2677430808544159,0.7322569489479065
gue_human_tf_0_lora__evo2_1b_base__20260521T051236Z,1,1,0.010693758726119995,0.9893062710762024
gue_human_tf_0_lora__evo2_1b_base__20260521T051236Z,1,1,0.014785408973693848,0.9852146506309509
gue_human_tf_0_lora__evo2_1b_base__20260521T051236Z,1,1,0.07751765847206116,0.9224823713302612
gue_human_tf_0_lora__evo2_1b_base__20260521T051236Z,1,1,0.03299237787723541,0.967007577419281
gue_human_tf_0_lora__evo2_1b_base__20260521T051236Z,1,1,0.020645931363105774,0.9793540239334106
gue_human_tf_0_lora__evo2_1b_base__20260521T051236Z,1,1,0.08694165199995041,0.9130584001541138
gue_human_tf_0_lora__evo2_1b_base__20260521T051236Z,1,1,0.012431650422513485,0.9875683188438416
gue_human_tf_0_lora__evo2_1b_base__20260521T051236Z,1,1,0.22764098644256592,0.7723590135574341
gue_human_tf_0_lora__evo2_1b_base__20260521T051236Z,1,1,0.02280263416469097,0.9771973490715027
gue_human_tf_0_lora__evo2_1b_base__20260521T051236Z,1,1,0.3992845118045807,0.6007155179977417
gue_human_tf_0_lora__evo2_1b_base__20260521T051236Z,1,1,0.1875787377357483,0.8124212622642517
gue_human_tf_0_lora__evo2_1b_base__20260521T051236Z,1,1,0.3846231997013092,0.6153768301010132
gue_human_tf_0_lora__evo2_1b_base__20260521T051236Z,1,1,0.046421416103839874,0.9535785913467407
gue_human_tf_0_lora__evo2_1b_base__20260521T051236Z,1,1,0.060473889112472534,0.9395261406898499
gue_human_tf_0_lora__evo2_1b_base__20260521T051236Z,1,1,0.04193052276968956,0.9580694437026978
gue_human_tf_0_lora__evo2_1b_base__20260521T051236Z,1,1,0.17391866445541382,0.8260813355445862
gue_human_tf_0_lora__evo2_1b_base__20260521T051236Z,1,1,0.13403742015361786,0.865962564945221
gue_human_tf_0_lora__evo2_1b_base__20260521T051236Z,1,1,0.02630528062582016,0.9736947417259216
gue_human_tf_0_lora__evo2_1b_base__20260521T051236Z,1,1,0.02722090296447277,0.9727790951728821
gue_human_tf_0_lora__evo2_1b_base__20260521T051236Z,1,1,0.41914263367652893,0.5808573961257935
gue_human_tf_0_lora__evo2_1b_base__20260521T051236Z,1,1,0.06828853487968445,0.9317114353179932
gue_human_tf_0_lora__evo2_1b_base__20260521T051236Z,1,1,0.011136501096189022,0.988863468170166
gue_human_tf_0_lora__evo2_1b_base__20260521T051236Z,1,0,0.7189398407936096,0.281060129404068
gue_human_tf_0_lora__evo2_1b_base__20260521T051236Z,1,1,0.4031849503517151,0.5968150496482849
gue_human_tf_0_lora__evo2_1b_base__20260521T051236Z,1,1,0.32338011264801025,0.6766198873519897
gue_human_tf_0_lora__evo2_1b_base__20260521T051236Z,1,0,0.5214254856109619,0.4785745143890381
gue_human_tf_0_lora__evo2_1b_base__20260521T051236Z,1,1,0.11576063930988312,0.8842393159866333
gue_human_tf_0_lora__evo2_1b_base__20260521T051236Z,1,1,0.1125025525689125,0.8874974250793457
gue_human_tf_0_lora__evo2_1b_base__20260521T051236Z,1,1,0.2511882185935974,0.7488117814064026
gue_human_tf_0_lora__evo2_1b_base__20260521T051236Z,1,1,0.1557835340499878,0.8442164063453674
gue_human_tf_0_lora__evo2_1b_base__20260521T051236Z,1,1,0.33128196001052856,0.6687179803848267
gue_human_tf_0_lora__evo2_1b_base__20260521T051236Z,1,1,0.4157288074493408,0.5842711925506592
gue_human_tf_0_lora__evo2_1b_base__20260521T051236Z,1,1,0.17307846248149872,0.8269215226173401
gue_human_tf_0_lora__evo2_1b_base__20260521T051236Z,1,1,0.10725032538175583,0.8927496671676636
gue_human_tf_0_lora__evo2_1b_base__20260521T051236Z,1,1,0.44125160574913025,0.5587483644485474
gue_human_tf_0_lora__evo2_1b_base__20260521T051236Z,1,1,0.08188609778881073,0.9181138277053833
gue_human_tf_0_lora__evo2_1b_base__20260521T051236Z,1,1,0.4339514672756195,0.5660485029220581
gue_human_tf_0_lora__evo2_1b_base__20260521T051236Z,1,1,0.17702700197696686,0.8229729533195496
gue_human_tf_0_lora__evo2_1b_base__20260521T051236Z,1,1,0.04931360483169556,0.9506864547729492
gue_human_tf_0_lora__evo2_1b_base__20260521T051236Z,1,1,0.14517594873905182,0.8548240661621094
gue_human_tf_0_lora__evo2_1b_base__20260521T051236Z,1,1,0.026255298405885696,0.9737446904182434
gue_human_tf_0_lora__evo2_1b_base__20260521T051236Z,1,1,0.2890203893184662,0.7109795808792114
gue_human_tf_0_lora__evo2_1b_base__20260521T051236Z,1,1,0.13375428318977356,0.866245687007904
gue_human_tf_0_lora__evo2_1b_base__20260521T051236Z,1,1,0.2655470371246338,0.7344529628753662
gue_human_tf_0_lora__evo2_1b_base__20260521T051236Z,1,0,0.8153795003890991,0.1846204698085785
gue_human_tf_0_lora__evo2_1b_base__20260521T051236Z,1,1,0.3535397946834564,0.646460235118866
gue_human_tf_0_lora__evo2_1b_base__20260521T051236Z,1,1,0.1457221657037735,0.8542778491973877
gue_human_tf_0_lora__evo2_1b_base__20260521T051236Z,1,1,0.03799937665462494,0.9620006084442139
gue_human_tf_0_lora__evo2_1b_base__20260521T051236Z,1,1,0.18454697728157043,0.815453052520752
gue_human_tf_0_lora__evo2_1b_base__20260521T051236Z,1,0,0.7543725371360779,0.24562746286392212
gue_human_tf_0_lora__evo2_1b_base__20260521T051236Z,1,1,0.3298232853412628,0.6701767444610596
gue_human_tf_0_lora__evo2_1b_base__20260521T051236Z,1,1,0.08803310990333557,0.9119669198989868
gue_human_tf_0_lora__evo2_1b_base__20260521T051236Z,1,1,0.04463920369744301,0.9553608298301697
gue_human_tf_0_lora__evo2_1b_base__20260521T051236Z,1,1,0.31053751707077026,0.689462423324585
gue_human_tf_0_lora__evo2_1b_base__20260521T051236Z,1,1,0.47412896156311035,0.5258710384368896
gue_human_tf_0_lora__evo2_1b_base__20260521T051236Z,1,1,0.011288074776530266,0.988711953163147
gue_human_tf_0_lora__evo2_1b_base__20260521T051236Z,1,1,0.17617498338222504,0.8238250017166138
gue_human_tf_0_lora__evo2_1b_base__20260521T051236Z,1,1,0.03739713132381439,0.9626027941703796
gue_human_tf_0_lora__evo2_1b_base__20260521T051236Z,1,1,0.31106051802635193,0.6889395117759705
gue_human_tf_0_lora__evo2_1b_base__20260521T051236Z,1,1,0.4688970446586609,0.5311029553413391
gue_human_tf_0_lora__evo2_1b_base__20260521T051236Z,1,1,0.36043277382850647,0.6395672559738159
gue_human_tf_0_lora__evo2_1b_base__20260521T051236Z,1,0,0.5366164445877075,0.4633835256099701
gue_human_tf_0_lora__evo2_1b_base__20260521T051236Z,1,1,0.05556633695960045,0.9444336295127869
gue_human_tf_0_lora__evo2_1b_base__20260521T051236Z,1,1,0.3844209611415863,0.6155790686607361
gue_human_tf_0_lora__evo2_1b_base__20260521T051236Z,1,1,0.2709140181541443,0.7290859818458557
gue_human_tf_0_lora__evo2_1b_base__20260521T051236Z,1,1,0.0037000456359237432,0.9962999224662781
gue_human_tf_0_lora__evo2_1b_base__20260521T051236Z,1,1,0.015072627924382687,0.9849274158477783
gue_human_tf_0_lora__evo2_1b_base__20260521T051236Z,1,1,0.11466560512781143,0.8853343725204468
gue_human_tf_0_lora__evo2_1b_base__20260521T051236Z,1,1,0.032436154782772064,0.967563807964325
gue_human_tf_0_lora__evo2_1b_base__20260521T051236Z,1,1,0.00777058070525527,0.9922294020652771
gue_human_tf_0_lora__evo2_1b_base__20260521T051236Z,1,1,0.01796896755695343,0.982030987739563
gue_human_tf_0_lora__evo2_1b_base__20260521T051236Z,1,1,0.3696563243865967,0.6303436756134033
gue_human_tf_0_lora__evo2_1b_base__20260521T051236Z,1,1,0.4556375741958618,0.5443623661994934
gue_human_tf_0_lora__evo2_1b_base__20260521T051236Z,1,1,0.16344544291496277,0.8365545868873596
gue_human_tf_0_lora__evo2_1b_base__20260521T051236Z,1,1,0.27717939019203186,0.7228206396102905
gue_human_tf_0_lora__evo2_1b_base__20260521T051236Z,1,1,0.1655256450176239,0.8344743251800537
gue_human_tf_0_lora__evo2_1b_base__20260521T051236Z,1,1,0.1631118804216385,0.8368880748748779
gue_human_tf_0_lora__evo2_1b_base__20260521T051236Z,1,1,0.2777177691459656,0.7222822308540344
gue_human_tf_0_lora__evo2_1b_base__20260521T051236Z,1,1,0.3037318289279938,0.6962682008743286
gue_human_tf_0_lora__evo2_1b_base__20260521T051236Z,1,1,0.11299101263284683,0.8870089650154114
gue_human_tf_0_lora__evo2_1b_base__20260521T051236Z,1,1,0.14445030689239502,0.855549693107605
gue_human_tf_0_lora__evo2_1b_base__20260521T051236Z,1,1,0.16783155500888824,0.8321685194969177
gue_human_tf_0_lora__evo2_1b_base__20260521T051236Z,1,1,0.47471490502357483,0.5252851247787476
gue_human_tf_0_lora__evo2_1b_base__20260521T051236Z,1,1,0.4426063597202301,0.5573936104774475
gue_human_tf_0_lora__evo2_1b_base__20260521T051236Z,1,1,0.05634009465575218,0.9436599016189575
gue_human_tf_0_lora__evo2_1b_base__20260521T051236Z,1,1,0.171963170170784,0.8280368447303772
gue_human_tf_0_lora__evo2_1b_base__20260521T051236Z,1,1,0.1716158092021942,0.8283842206001282
gue_human_tf_0_lora__evo2_1b_base__20260521T051236Z,1,1,0.24409262835979462,0.7559073567390442
gue_human_tf_0_lora__evo2_1b_base__20260521T051236Z,1,1,0.09999631345272064,0.9000037312507629
gue_human_tf_0_lora__evo2_1b_base__20260521T051236Z,1,1,0.19837458431720734,0.8016253709793091
gue_human_tf_0_lora__evo2_1b_base__20260521T051236Z,1,1,0.10828321427106857,0.8917167782783508
gue_human_tf_0_lora__evo2_1b_base__20260521T051236Z,1,1,0.09509705752134323,0.904902994632721
gue_human_tf_0_lora__evo2_1b_base__20260521T051236Z,1,1,0.03792804479598999,0.9620718955993652
gue_human_tf_0_lora__evo2_1b_base__20260521T051236Z,1,0,0.5954630970954895,0.4045368432998657
gue_human_tf_0_lora__evo2_1b_base__20260521T051236Z,1,0,0.7792378664016724,0.22076216340065002
gue_human_tf_0_lora__evo2_1b_base__20260521T051236Z,1,1,0.10141131281852722,0.8985886573791504
gue_human_tf_0_lora__evo2_1b_base__20260521T051236Z,1,1,0.1243724524974823,0.8756275177001953
gue_human_tf_0_lora__evo2_1b_base__20260521T051236Z,1,1,0.0751764103770256,0.9248236417770386
gue_human_tf_0_lora__evo2_1b_base__20260521T051236Z,1,1,0.006192990578711033,0.9938070178031921
gue_human_tf_0_lora__evo2_1b_base__20260521T051236Z,0,0,0.9743129014968872,0.02568713389337063
gue_human_tf_0_lora__evo2_1b_base__20260521T051236Z,0,0,0.9935494065284729,0.006450607907027006
gue_human_tf_0_lora__evo2_1b_base__20260521T051236Z,0,0,0.8529354929924011,0.14706452190876007
gue_human_tf_0_lora__evo2_1b_base__20260521T051236Z,0,0,0.9960775971412659,0.003922447562217712
gue_human_tf_0_lora__evo2_1b_base__20260521T051236Z,0,0,0.9789353013038635,0.021064694970846176
gue_human_tf_0_lora__evo2_1b_base__20260521T051236Z,0,0,0.715225100517273,0.2847748398780823
gue_human_tf_0_lora__evo2_1b_base__20260521T051236Z,0,0,0.8321002125740051,0.1678997278213501
gue_human_tf_0_lora__evo2_1b_base__20260521T051236Z,0,0,0.9682613611221313,0.03173859044909477
gue_human_tf_0_lora__evo2_1b_base__20260521T051236Z,0,0,0.9963357448577881,0.003664220217615366
gue_human_tf_0_lora__evo2_1b_base__20260521T051236Z,0,0,0.967777669429779,0.03222229704260826
gue_human_tf_0_lora__evo2_1b_base__20260521T051236Z,0,0,0.992864727973938,0.007135252468287945
gue_human_tf_0_lora__evo2_1b_base__20260521T051236Z,0,0,0.8308687806129456,0.16913124918937683
gue_human_tf_0_lora__evo2_1b_base__20260521T051236Z,0,0,0.9052385687828064,0.0947614535689354
gue_human_tf_0_lora__evo2_1b_base__20260521T051236Z,0,1,0.1338108777999878,0.866189181804657
gue_human_tf_0_lora__evo2_1b_base__20260521T051236Z,0,1,0.22601395845413208,0.7739860415458679
gue_human_tf_0_lora__evo2_1b_base__20260521T051236Z,0,0,0.99891197681427,0.0010880650952458382
gue_human_tf_0_lora__evo2_1b_base__20260521T051236Z,0,0,0.7741568684577942,0.2258431762456894
gue_human_tf_0_lora__evo2_1b_base__20260521T051236Z,0,0,0.793985903263092,0.20601411163806915
gue_human_tf_0_lora__evo2_1b_base__20260521T051236Z,0,1,0.15190638601779938,0.8480936288833618
gue_human_tf_0_lora__evo2_1b_base__20260521T051236Z,0,0,0.8451133966445923,0.1548866182565689
gue_human_tf_0_lora__evo2_1b_base__20260521T051236Z,0,0,0.9713200926780701,0.02867986261844635
gue_human_tf_0_lora__evo2_1b_base__20260521T051236Z,0,0,0.9994600415229797,0.000539980421308428
gue_human_tf_0_lora__evo2_1b_base__20260521T051236Z,0,0,0.9974491000175476,0.0025509123224765062
gue_human_tf_0_lora__evo2_1b_base__20260521T051236Z,0,0,0.9994514584541321,0.0005484791472554207
gue_human_tf_0_lora__evo2_1b_base__20260521T051236Z,0,0,0.6311965584754944,0.3688034415245056
gue_human_tf_0_lora__evo2_1b_base__20260521T051236Z,0,0,0.958615243434906,0.04138471558690071
gue_human_tf_0_lora__evo2_1b_base__20260521T051236Z,0,0,0.9435039758682251,0.05649606138467789
gue_human_tf_0_lora__evo2_1b_base__20260521T051236Z,0,0,0.9187722206115723,0.08122774958610535
gue_human_tf_0_lora__evo2_1b_base__20260521T051236Z,0,0,0.9776071906089783,0.02239282801747322
gue_human_tf_0_lora__evo2_1b_base__20260521T051236Z,0,0,0.878679096698761,0.1213209256529808
gue_human_tf_0_lora__evo2_1b_base__20260521T051236Z,0,1,0.41081538796424866,0.5891846418380737
gue_human_tf_0_lora__evo2_1b_base__20260521T051236Z,0,1,0.4809357523918152,0.5190642476081848
gue_human_tf_0_lora__evo2_1b_base__20260521T051236Z,0,0,0.9979810118675232,0.0020190137438476086
gue_human_tf_0_lora__evo2_1b_base__20260521T051236Z,0,0,0.9997108578681946,0.0002891032490879297
gue_human_tf_0_lora__evo2_1b_base__20260521T051236Z,0,0,0.9946358799934387,0.0053640566766262054
gue_human_tf_0_lora__evo2_1b_base__20260521T051236Z,0,1,0.36472100019454956,0.6352789998054504
gue_human_tf_0_lora__evo2_1b_base__20260521T051236Z,0,0,0.9995986819267273,0.00040133504080586135
gue_human_tf_0_lora__evo2_1b_base__20260521T051236Z,0,0,0.9380673170089722,0.061932697892189026
gue_human_tf_0_lora__evo2_1b_base__20260521T051236Z,0,0,0.9630572199821472,0.036942798644304276
gue_human_tf_0_lora__evo2_1b_base__20260521T051236Z,0,0,0.6480209827423096,0.35197898745536804
gue_human_tf_0_lora__evo2_1b_base__20260521T051236Z,0,0,0.830937385559082,0.16906262934207916
gue_human_tf_0_lora__evo2_1b_base__20260521T051236Z,0,0,0.6466276049613953,0.3533724546432495
gue_human_tf_0_lora__evo2_1b_base__20260521T051236Z,0,0,0.716168999671936,0.28383100032806396
gue_human_tf_0_lora__evo2_1b_base__20260521T051236Z,0,1,0.10017222166061401,0.8998278379440308
gue_human_tf_0_lora__evo2_1b_base__20260521T051236Z,0,0,0.9831499457359314,0.016850082203745842
gue_human_tf_0_lora__evo2_1b_base__20260521T051236Z,0,0,0.7837402820587158,0.21625970304012299
gue_human_tf_0_lora__evo2_1b_base__20260521T051236Z,0,1,0.2404177337884903,0.7595822811126709
gue_human_tf_0_lora__evo2_1b_base__20260521T051236Z,0,0,0.6811438202857971,0.31885620951652527
gue_human_tf_0_lora__evo2_1b_base__20260521T051236Z,0,0,0.9889278411865234,0.011072158813476562
gue_human_tf_0_lora__evo2_1b_base__20260521T051236Z,0,1,0.421224445104599,0.5787755846977234
gue_human_tf_0_lora__evo2_1b_base__20260521T051236Z,0,1,0.3492552638053894,0.6507447361946106
gue_human_tf_0_lora__evo2_1b_base__20260521T051236Z,0,0,0.9917484521865845,0.008251599036157131
gue_human_tf_0_lora__evo2_1b_base__20260521T051236Z,0,1,0.34048518538475037,0.659514844417572
gue_human_tf_0_lora__evo2_1b_base__20260521T051236Z,0,0,0.8626412153244019,0.13735881447792053
gue_human_tf_0_lora__evo2_1b_base__20260521T051236Z,0,0,0.9969245791435242,0.00307536986656487
gue_human_tf_0_lora__evo2_1b_base__20260521T051236Z,0,0,0.994830310344696,0.005169657990336418
gue_human_tf_0_lora__evo2_1b_base__20260521T051236Z,0,0,0.6329566240310669,0.3670433759689331
gue_human_tf_0_lora__evo2_1b_base__20260521T051236Z,0,0,0.9041438698768616,0.09585607796907425
gue_human_tf_0_lora__evo2_1b_base__20260521T051236Z,0,0,0.6543979048728943,0.34560203552246094
gue_human_tf_0_lora__evo2_1b_base__20260521T051236Z,0,0,0.7299050092697144,0.27009499073028564
gue_human_tf_0_lora__evo2_1b_base__20260521T051236Z,0,0,0.7845667600631714,0.2154332548379898
gue_human_tf_0_lora__evo2_1b_base__20260521T051236Z,0,1,0.24499467015266418,0.7550053000450134
gue_human_tf_0_lora__evo2_1b_base__20260521T051236Z,0,0,0.9908034801483154,0.009196552447974682
gue_human_tf_0_lora__evo2_1b_base__20260521T051236Z,0,1,0.4342213571071625,0.5657786726951599
gue_human_tf_0_lora__evo2_1b_base__20260521T051236Z,0,0,0.9057400226593018,0.09426000714302063
gue_human_tf_0_lora__evo2_1b_base__20260521T051236Z,0,1,0.1775968223810196,0.8224031925201416
gue_human_tf_0_lora__evo2_1b_base__20260521T051236Z,0,0,0.7564474940299988,0.24355244636535645
gue_human_tf_0_lora__evo2_1b_base__20260521T051236Z,0,0,0.9960391521453857,0.003960787318646908
gue_human_tf_0_lora__evo2_1b_base__20260521T051236Z,0,1,0.09219620376825333,0.9078037738800049
gue_human_tf_0_lora__evo2_1b_base__20260521T051236Z,0,0,0.9964687824249268,0.0035312066320329905
gue_human_tf_0_lora__evo2_1b_base__20260521T051236Z,0,0,0.9991912245750427,0.0008088073809631169
gue_human_tf_0_lora__evo2_1b_base__20260521T051236Z,0,0,0.9937222599983215,0.006277706008404493
gue_human_tf_0_lora__evo2_1b_base__20260521T051236Z,0,0,0.6729230880737305,0.3270769417285919
gue_human_tf_0_lora__evo2_1b_base__20260521T051236Z,0,0,0.7836575508117676,0.216342493891716
gue_human_tf_0_lora__evo2_1b_base__20260521T051236Z,0,0,0.6392294764518738,0.36077049374580383
gue_human_tf_0_lora__evo2_1b_base__20260521T051236Z,0,1,0.4696722626686096,0.5303276777267456
gue_human_tf_0_lora__evo2_1b_base__20260521T051236Z,0,0,0.9992903470993042,0.0007096704212017357
gue_human_tf_0_lora__evo2_1b_base__20260521T051236Z,0,1,0.3785165250301361,0.6214835047721863
gue_human_tf_0_lora__evo2_1b_base__20260521T051236Z,0,0,0.9954082369804382,0.004591683857142925
gue_human_tf_0_lora__evo2_1b_base__20260521T051236Z,0,0,0.7057850360870361,0.29421496391296387
gue_human_tf_0_lora__evo2_1b_base__20260521T051236Z,0,0,0.8994751572608948,0.10052486509084702
gue_human_tf_0_lora__evo2_1b_base__20260521T051236Z,0,0,0.8657925128936768,0.13420753180980682
gue_human_tf_0_lora__evo2_1b_base__20260521T051236Z,0,0,0.7345005869865417,0.26549944281578064
gue_human_tf_0_lora__evo2_1b_base__20260521T051236Z,0,0,0.9366915822029114,0.06330841034650803
gue_human_tf_0_lora__evo2_1b_base__20260521T051236Z,0,0,0.994401752948761,0.005598248448222876
gue_human_tf_0_lora__evo2_1b_base__20260521T051236Z,0,0,0.9310247898101807,0.06897519528865814
gue_human_tf_0_lora__evo2_1b_base__20260521T051236Z,0,0,0.9998169541358948,0.00018306818674318492
gue_human_tf_0_lora__evo2_1b_base__20260521T051236Z,0,1,0.4743420481681824,0.5256579518318176
gue_human_tf_0_lora__evo2_1b_base__20260521T051236Z,0,0,0.9973836541175842,0.002616339363157749
gue_human_tf_0_lora__evo2_1b_base__20260521T051236Z,0,0,0.6823092103004456,0.31769081950187683
gue_human_tf_0_lora__evo2_1b_base__20260521T051236Z,0,0,0.7466011047363281,0.2533988356590271
gue_human_tf_0_lora__evo2_1b_base__20260521T051236Z,0,0,0.9399133324623108,0.060086652636528015
gue_human_tf_0_lora__evo2_1b_base__20260521T051236Z,0,0,0.9834386706352234,0.016561338678002357
gue_human_tf_0_lora__evo2_1b_base__20260521T051236Z,0,0,0.552705705165863,0.44729429483413696
gue_human_tf_0_lora__evo2_1b_base__20260521T051236Z,0,1,0.3013620674610138,0.6986379623413086
gue_human_tf_0_lora__evo2_1b_base__20260521T051236Z,0,0,0.8933094143867493,0.10669060796499252
gue_human_tf_0_lora__evo2_1b_base__20260521T051236Z,0,0,0.5176089406013489,0.48239099979400635
gue_human_tf_0_lora__evo2_1b_base__20260521T051236Z,0,0,0.766555905342102,0.23344413936138153
gue_human_tf_0_lora__evo2_1b_base__20260521T051236Z,0,1,0.1980641782283783,0.8019358515739441
gue_human_tf_0_lora__evo2_1b_base__20260521T051236Z,0,0,0.8079156875610352,0.19208428263664246
gue_human_tf_0_lora__evo2_1b_base__20260521T051236Z,0,0,0.9588471055030823,0.041152890771627426
gue_human_tf_0_lora__evo2_1b_base__20260521T051236Z,0,1,0.1440284252166748,0.8559715747833252
gue_human_tf_0_lora__evo2_1b_base__20260521T051236Z,0,0,0.8486589193344116,0.15134109556674957
gue_human_tf_0_lora__evo2_1b_base__20260521T051236Z,0,0,0.9944234490394592,0.005576544441282749
gue_human_tf_0_lora__evo2_1b_base__20260521T051236Z,0,0,0.9999035596847534,9.647852130001411e-05
gue_human_tf_0_lora__evo2_1b_base__20260521T051236Z,0,0,0.9725975394248962,0.02740250527858734
gue_human_tf_0_lora__evo2_1b_base__20260521T051236Z,0,0,0.799207329750061,0.20079262554645538
gue_human_tf_0_lora__evo2_1b_base__20260521T051236Z,0,1,0.42709800601005554,0.5729020237922668
gue_human_tf_0_lora__evo2_1b_base__20260521T051236Z,0,0,0.7292788624763489,0.2707211375236511
gue_human_tf_0_lora__evo2_1b_base__20260521T051236Z,0,1,0.16431522369384766,0.8356847763061523
gue_human_tf_0_lora__evo2_1b_base__20260521T051236Z,0,0,0.9967711567878723,0.003228764282539487
gue_human_tf_0_lora__evo2_1b_base__20260521T051236Z,0,0,0.6553360223770142,0.34466394782066345
gue_human_tf_0_lora__evo2_1b_base__20260521T051236Z,0,0,0.9994012117385864,0.0005988371558487415
gue_human_tf_0_lora__evo2_1b_base__20260521T051236Z,0,0,0.6769403219223022,0.32305967807769775
gue_human_tf_0_lora__evo2_1b_base__20260521T051236Z,0,0,0.9158841967582703,0.08411581069231033
gue_human_tf_0_lora__evo2_1b_base__20260521T051236Z,0,0,0.6783801913261414,0.32161977887153625
gue_human_tf_0_lora__evo2_1b_base__20260521T051236Z,0,0,0.8144221305847168,0.18557791411876678
gue_human_tf_0_lora__evo2_1b_base__20260521T051236Z,0,0,0.9784876704216003,0.021512312814593315
gue_human_tf_0_lora__evo2_1b_base__20260521T051236Z,0,0,0.7560875415802002,0.2439124584197998
gue_human_tf_0_lora__evo2_1b_base__20260521T051236Z,0,1,0.37221992015838623,0.6277800798416138
gue_human_tf_0_lora__evo2_1b_base__20260521T051236Z,0,0,0.9959927201271057,0.004007289186120033
gue_human_tf_0_lora__evo2_1b_base__20260521T051236Z,0,1,0.1746213138103485,0.8253787159919739
gue_human_tf_0_lora__evo2_1b_base__20260521T051236Z,0,0,0.9420285820960999,0.05797139182686806
gue_human_tf_0_lora__evo2_1b_base__20260521T051236Z,0,1,0.26822200417518616,0.7317779660224915
gue_human_tf_0_lora__evo2_1b_base__20260521T051236Z,0,0,0.5995438098907471,0.4004562497138977
gue_human_tf_0_lora__evo2_1b_base__20260521T051236Z,0,0,0.7856376767158508,0.21436230838298798
gue_human_tf_0_lora__evo2_1b_base__20260521T051236Z,0,0,0.9230391979217529,0.07696084678173065
gue_human_tf_0_lora__evo2_1b_base__20260521T051236Z,0,0,0.9903102517127991,0.00968971662223339
gue_human_tf_0_lora__evo2_1b_base__20260521T051236Z,0,0,0.9768908023834229,0.023109277710318565
gue_human_tf_0_lora__evo2_1b_base__20260521T051236Z,0,0,0.7748390436172485,0.22516095638275146
gue_human_tf_0_lora__evo2_1b_base__20260521T051236Z,0,0,0.6236634254455566,0.37633657455444336
gue_human_tf_0_lora__evo2_1b_base__20260521T051236Z,0,0,0.9364595413208008,0.06354044377803802
gue_human_tf_0_lora__evo2_1b_base__20260521T051236Z,0,0,0.9921385645866394,0.007861458696424961
gue_human_tf_0_lora__evo2_1b_base__20260521T051236Z,0,0,0.9244152307510376,0.0755847916007042
gue_human_tf_0_lora__evo2_1b_base__20260521T051236Z,0,0,0.5323871374130249,0.4676128625869751
gue_human_tf_0_lora__evo2_1b_base__20260521T051236Z,0,1,0.17258980870246887,0.8274101614952087
gue_human_tf_0_lora__evo2_1b_base__20260521T051236Z,0,0,0.9621787071228027,0.03782128542661667
gue_human_tf_0_lora__evo2_1b_base__20260521T051236Z,0,0,0.5437870621681213,0.4562129080295563
gue_human_tf_0_lora__evo2_1b_base__20260521T051236Z,0,1,0.2218560427427292,0.7781439423561096
gue_human_tf_0_lora__evo2_1b_base__20260521T051236Z,0,1,0.34119823575019836,0.6588017344474792
gue_human_tf_0_lora__evo2_1b_base__20260521T051236Z,0,0,0.8961604833602905,0.1038394644856453
gue_human_tf_0_lora__evo2_1b_base__20260521T051236Z,0,0,0.5042551755905151,0.4957447648048401
gue_human_tf_0_lora__evo2_1b_base__20260521T051236Z,0,0,0.864710807800293,0.13528920710086823
gue_human_tf_0_lora__evo2_1b_base__20260521T051236Z,0,1,0.4822309911251068,0.5177690386772156
gue_human_tf_0_lora__evo2_1b_base__20260521T051236Z,0,0,0.9872281551361084,0.012771868146955967
gue_human_tf_0_lora__evo2_1b_base__20260521T051236Z,0,0,0.8574699759483337,0.14253002405166626
gue_human_tf_0_lora__evo2_1b_base__20260521T051236Z,0,0,0.9330047965049744,0.06699521839618683
gue_human_tf_0_lora__evo2_1b_base__20260521T051236Z,0,0,0.8037136197090149,0.19628645479679108
gue_human_tf_0_lora__evo2_1b_base__20260521T051236Z,0,0,0.6359010338783264,0.36409899592399597
gue_human_tf_0_lora__evo2_1b_base__20260521T051236Z,0,0,0.9792749285697937,0.020725062116980553
gue_human_tf_0_lora__evo2_1b_base__20260521T051236Z,0,0,0.8762113451957703,0.12378869950771332
gue_human_tf_0_lora__evo2_1b_base__20260521T051236Z,0,0,0.9679599404335022,0.032040078192949295
gue_human_tf_0_lora__evo2_1b_base__20260521T051236Z,0,0,0.5745440125465393,0.4254560172557831
gue_human_tf_0_lora__evo2_1b_base__20260521T051236Z,0,0,0.7508269548416138,0.249173104763031
gue_human_tf_0_lora__evo2_1b_base__20260521T051236Z,0,0,0.9446893334388733,0.055310651659965515
gue_human_tf_0_lora__evo2_1b_base__20260521T051236Z,0,1,0.431015282869339,0.5689847469329834
gue_human_tf_0_lora__evo2_1b_base__20260521T051236Z,0,0,0.5656886696815491,0.4343113303184509
gue_human_tf_0_lora__evo2_1b_base__20260521T051236Z,0,0,0.928732693195343,0.07126733660697937
gue_human_tf_0_lora__evo2_1b_base__20260521T051236Z,0,0,0.9965903759002686,0.0034096355084329844
gue_human_tf_0_lora__evo2_1b_base__20260521T051236Z,0,0,0.9925249218940735,0.007475120481103659
gue_human_tf_0_lora__evo2_1b_base__20260521T051236Z,0,0,0.8424099683761597,0.1575900763273239
gue_human_tf_0_lora__evo2_1b_base__20260521T051236Z,0,0,0.9852997064590454,0.014700298197567463
gue_human_tf_0_lora__evo2_1b_base__20260521T051236Z,0,0,0.9976449608802795,0.0023550675250589848
gue_human_tf_0_lora__evo2_1b_base__20260521T051236Z,0,0,0.8665847778320312,0.13341522216796875
gue_human_tf_0_lora__evo2_1b_base__20260521T051236Z,0,0,0.7364953756332397,0.26350462436676025
gue_human_tf_0_lora__evo2_1b_base__20260521T051236Z,0,0,0.9979493021965027,0.0020507436711341143
gue_human_tf_0_lora__evo2_1b_base__20260521T051236Z,0,0,0.6305142641067505,0.36948567628860474
gue_human_tf_0_lora__evo2_1b_base__20260521T051236Z,0,1,0.31636926531791687,0.6836307048797607
gue_human_tf_0_lora__evo2_1b_base__20260521T051236Z,0,0,0.6555014252662659,0.34449854493141174
gue_human_tf_0_lora__evo2_1b_base__20260521T051236Z,0,0,0.7783125042915344,0.22168749570846558
gue_human_tf_0_lora__evo2_1b_base__20260521T051236Z,0,0,0.8669230937957764,0.13307686150074005
gue_human_tf_0_lora__evo2_1b_base__20260521T051236Z,0,0,0.9011403918266296,0.09885954111814499
gue_human_tf_0_lora__evo2_1b_base__20260521T051236Z,0,0,0.6360705494880676,0.3639293909072876
gue_human_tf_0_lora__evo2_1b_base__20260521T051236Z,0,1,0.40104255080223083,0.5989574790000916
gue_human_tf_0_lora__evo2_1b_base__20260521T051236Z,0,0,0.9447912573814392,0.055208686739206314
gue_human_tf_0_lora__evo2_1b_base__20260521T051236Z,0,0,0.97334223985672,0.026657739654183388
gue_human_tf_0_lora__evo2_1b_base__20260521T051236Z,0,0,0.9592307209968567,0.04076926410198212
gue_human_tf_0_lora__evo2_1b_base__20260521T051236Z,0,0,0.9963994026184082,0.0036006032023578882
gue_human_tf_0_lora__evo2_1b_base__20260521T051236Z,0,1,0.26416850090026855,0.7358314990997314
gue_human_tf_0_lora__evo2_1b_base__20260521T051236Z,0,1,0.348201721906662,0.6517983078956604
gue_human_tf_0_lora__evo2_1b_base__20260521T051236Z,0,0,0.5600571632385254,0.4399428367614746
gue_human_tf_0_lora__evo2_1b_base__20260521T051236Z,0,0,0.998507559299469,0.001492425100877881
gue_human_tf_0_lora__evo2_1b_base__20260521T051236Z,0,0,0.8995634317398071,0.10043660551309586
gue_human_tf_0_lora__evo2_1b_base__20260521T051236Z,0,0,0.8155264854431152,0.18447348475456238
gue_human_tf_0_lora__evo2_1b_base__20260521T051236Z,0,1,0.20165595412254333,0.7983440160751343
gue_human_tf_0_lora__evo2_1b_base__20260521T051236Z,0,0,0.9990014433860779,0.0009985541692003608
gue_human_tf_0_lora__evo2_1b_base__20260521T051236Z,0,1,0.250087708234787,0.7499122619628906
gue_human_tf_0_lora__evo2_1b_base__20260521T051236Z,0,0,0.843508780002594,0.1564912348985672
gue_human_tf_0_lora__evo2_1b_base__20260521T051236Z,0,1,0.05577168986201286,0.9442282915115356
gue_human_tf_0_lora__evo2_1b_base__20260521T051236Z,0,1,0.49313968420028687,0.5068603157997131
gue_human_tf_0_lora__evo2_1b_base__20260521T051236Z,0,0,0.5463448762893677,0.4536551237106323
gue_human_tf_0_lora__evo2_1b_base__20260521T051236Z,0,0,0.9906600117683411,0.009340024553239346
gue_human_tf_0_lora__evo2_1b_base__20260521T051236Z,0,0,0.9990655779838562,0.0009344576974399388
gue_human_tf_0_lora__evo2_1b_base__20260521T051236Z,0,1,0.250545859336853,0.749454140663147
gue_human_tf_0_lora__evo2_1b_base__20260521T051236Z,0,0,0.8826303482055664,0.1173696517944336
gue_human_tf_0_lora__evo2_1b_base__20260521T051236Z,0,0,0.9583432078361511,0.04165676236152649
gue_human_tf_0_lora__evo2_1b_base__20260521T051236Z,0,0,0.9247556328773499,0.07524432986974716
gue_human_tf_0_lora__evo2_1b_base__20260521T051236Z,0,0,0.9981251358985901,0.0018748616566881537
gue_human_tf_0_lora__evo2_1b_base__20260521T051236Z,0,1,0.16046325862407684,0.839536726474762
gue_human_tf_0_lora__evo2_1b_base__20260521T051236Z,0,0,0.9832467436790466,0.016753287985920906
gue_human_tf_0_lora__evo2_1b_base__20260521T051236Z,0,1,0.32402145862579346,0.6759784817695618
gue_human_tf_0_lora__evo2_1b_base__20260521T051236Z,0,0,0.7753497362136841,0.22465021908283234
gue_human_tf_0_lora__evo2_1b_base__20260521T051236Z,0,0,0.970687747001648,0.02931223064661026
gue_human_tf_0_lora__evo2_1b_base__20260521T051236Z,0,0,0.8940516710281372,0.10594828426837921
gue_human_tf_0_lora__evo2_1b_base__20260521T051236Z,0,0,0.5527962446212769,0.44720378518104553
gue_human_tf_0_lora__evo2_1b_base__20260521T051236Z,0,0,0.8830344080924988,0.11696559190750122
gue_human_tf_0_lora__evo2_1b_base__20260521T051236Z,0,1,0.11823230981826782,0.8817676901817322
gue_human_tf_0_lora__evo2_1b_base__20260521T051236Z,0,0,0.9955489635467529,0.004451041109859943
gue_human_tf_0_lora__evo2_1b_base__20260521T051236Z,0,1,0.20252202451229095,0.7974780201911926
gue_human_tf_0_lora__evo2_1b_base__20260521T051236Z,0,0,0.9829546809196472,0.017045315355062485
gue_human_tf_0_lora__evo2_1b_base__20260521T051236Z,0,0,0.608099639415741,0.3919003903865814
gue_human_tf_0_lora__evo2_1b_base__20260521T051236Z,0,0,0.8918110132217407,0.10818895697593689
gue_human_tf_0_lora__evo2_1b_base__20260521T051236Z,0,1,0.28437721729278564,0.7156228423118591
gue_human_tf_0_lora__evo2_1b_base__20260521T051236Z,0,0,0.8231863379478455,0.17681370675563812
gue_human_tf_0_lora__evo2_1b_base__20260521T051236Z,0,0,0.9276259541511536,0.07237402349710464
gue_human_tf_0_lora__evo2_1b_base__20260521T051236Z,0,0,0.9589625000953674,0.04103744029998779
gue_human_tf_0_lora__evo2_1b_base__20260521T051236Z,0,0,0.8936811685562134,0.1063188686966896
gue_human_tf_0_lora__evo2_1b_base__20260521T051236Z,0,1,0.3253597617149353,0.6746402978897095
gue_human_tf_0_lora__evo2_1b_base__20260521T051236Z,0,1,0.2840792238712311,0.7159208059310913
gue_human_tf_0_lora__evo2_1b_base__20260521T051236Z,0,0,0.9684708714485168,0.03152918443083763
gue_human_tf_0_lora__evo2_1b_base__20260521T051236Z,0,0,0.716069757938385,0.28393030166625977
gue_human_tf_0_lora__evo2_1b_base__20260521T051236Z,0,0,0.9272975325584412,0.07270251959562302
gue_human_tf_0_lora__evo2_1b_base__20260521T051236Z,0,0,0.5616956949234009,0.4383043050765991
gue_human_tf_0_lora__evo2_1b_base__20260521T051236Z,0,0,0.8805404901504517,0.11945948004722595
gue_human_tf_0_lora__evo2_1b_base__20260521T051236Z,0,0,0.9986826777458191,0.001317291520535946
gue_human_tf_0_lora__evo2_1b_base__20260521T051236Z,0,0,0.90456622838974,0.09543373435735703
gue_human_tf_0_lora__evo2_1b_base__20260521T051236Z,0,1,0.23607563972473145,0.7639243006706238
gue_human_tf_0_lora__evo2_1b_base__20260521T051236Z,0,0,0.9798997044563293,0.02010023593902588
gue_human_tf_0_lora__evo2_1b_base__20260521T051236Z,0,1,0.33671262860298157,0.6632874011993408
gue_human_tf_0_lora__evo2_1b_base__20260521T051236Z,0,0,0.6796572804450989,0.3203427195549011
gue_human_tf_0_lora__evo2_1b_base__20260521T051236Z,0,0,0.9484894871711731,0.05151045322418213
gue_human_tf_0_lora__evo2_1b_base__20260521T051236Z,0,0,0.9413313865661621,0.0586685985326767
gue_human_tf_0_lora__evo2_1b_base__20260521T051236Z,0,0,0.9264369606971741,0.07356304675340652
gue_human_tf_0_lora__evo2_1b_base__20260521T051236Z,0,0,0.974531888961792,0.02546808123588562
gue_human_tf_0_lora__evo2_1b_base__20260521T051236Z,0,0,0.6036105751991272,0.3963893949985504
gue_human_tf_0_lora__evo2_1b_base__20260521T051236Z,0,1,0.009955651126801968,0.990044355392456
gue_human_tf_0_lora__evo2_1b_base__20260521T051236Z,0,0,0.7251623272895813,0.2748377025127411
gue_human_tf_0_lora__evo2_1b_base__20260521T051236Z,0,0,0.9648551344871521,0.03514484688639641
gue_human_tf_0_lora__evo2_1b_base__20260521T051236Z,0,0,0.9507778882980347,0.04922211542725563
gue_human_tf_0_lora__evo2_1b_base__20260521T051236Z,0,0,0.8619454503059387,0.13805456459522247
gue_human_tf_0_lora__evo2_1b_base__20260521T051236Z,0,0,0.9874721169471741,0.012527931481599808
gue_human_tf_0_lora__evo2_1b_base__20260521T051236Z,0,0,0.9778411984443665,0.022158870473504066
gue_human_tf_0_lora__evo2_1b_base__20260521T051236Z,0,0,0.9086179733276367,0.09138209372758865
gue_human_tf_0_lora__evo2_1b_base__20260521T051236Z,0,1,0.4155508875846863,0.584449052810669
gue_human_tf_0_lora__evo2_1b_base__20260521T051236Z,0,0,0.6116719245910645,0.38832804560661316
gue_human_tf_0_lora__evo2_1b_base__20260521T051236Z,0,1,0.33350321650505066,0.666496753692627
gue_human_tf_0_lora__evo2_1b_base__20260521T051236Z,0,0,0.9725192785263062,0.02748068980872631
gue_human_tf_0_lora__evo2_1b_base__20260521T051236Z,0,0,0.9679296612739563,0.032070379704236984
gue_human_tf_0_lora__evo2_1b_base__20260521T051236Z,0,1,0.3843631446361542,0.6156368255615234
gue_human_tf_0_lora__evo2_1b_base__20260521T051236Z,0,0,0.8444089889526367,0.1555909812450409
gue_human_tf_0_lora__evo2_1b_base__20260521T051236Z,0,0,0.6364096403121948,0.36359038949012756
gue_human_tf_0_lora__evo2_1b_base__20260521T051236Z,0,0,0.7493624091148376,0.25063756108283997
gue_human_tf_0_lora__evo2_1b_base__20260521T051236Z,0,1,0.23048648238182068,0.7695135474205017
gue_human_tf_0_lora__evo2_1b_base__20260521T051236Z,0,1,0.3563346564769745,0.6436653733253479
gue_human_tf_0_lora__evo2_1b_base__20260521T051236Z,0,0,0.7655933499336243,0.23440666496753693
gue_human_tf_0_lora__evo2_1b_base__20260521T051236Z,0,0,0.9246877431869507,0.0753123089671135
gue_human_tf_0_lora__evo2_1b_base__20260521T051236Z,0,0,0.7750945687294006,0.22490550577640533
gue_human_tf_0_lora__evo2_1b_base__20260521T051236Z,0,0,0.9997901320457458,0.00020988307369407266
gue_human_tf_0_lora__evo2_1b_base__20260521T051236Z,0,0,0.9992401599884033,0.0007598414085805416
gue_human_tf_0_lora__evo2_1b_base__20260521T051236Z,0,0,0.9324532747268677,0.06754669547080994
gue_human_tf_0_lora__evo2_1b_base__20260521T051236Z,0,0,0.9759693741798401,0.024030638858675957
gue_human_tf_0_lora__evo2_1b_base__20260521T051236Z,0,0,0.7461389899253845,0.2538610100746155
gue_human_tf_0_lora__evo2_1b_base__20260521T051236Z,0,1,0.2458989918231964,0.7541009783744812
gue_human_tf_0_lora__evo2_1b_base__20260521T051236Z,0,1,0.08254930377006531,0.9174507260322571
gue_human_tf_0_lora__evo2_1b_base__20260521T051236Z,0,0,0.6431611776351929,0.35683882236480713
gue_human_tf_0_lora__evo2_1b_base__20260521T051236Z,0,0,0.8396682143211365,0.16033175587654114
gue_human_tf_0_lora__evo2_1b_base__20260521T051236Z,0,1,0.48013588786125183,0.5198641419410706
gue_human_tf_0_lora__evo2_1b_base__20260521T051236Z,0,1,0.39466747641563416,0.6053325533866882
gue_human_tf_0_lora__evo2_1b_base__20260521T051236Z,0,1,0.2436424344778061,0.7563575506210327
gue_human_tf_0_lora__evo2_1b_base__20260521T051236Z,0,0,0.5630176067352295,0.4369823932647705
gue_human_tf_0_lora__evo2_1b_base__20260521T051236Z,0,0,0.8541562557220459,0.1458437740802765
gue_human_tf_0_lora__evo2_1b_base__20260521T051236Z,0,0,0.9914058446884155,0.008594110608100891
gue_human_tf_0_lora__evo2_1b_base__20260521T051236Z,0,0,0.878679096698761,0.1213209256529808
gue_human_tf_0_lora__evo2_1b_base__20260521T051236Z,0,0,0.9960775971412659,0.003922447562217712
gue_human_tf_0_lora__evo2_1b_base__20260521T051236Z,0,0,0.6666595935821533,0.33334043622016907
gue_human_tf_0_lora__evo2_1b_base__20260521T051236Z,0,0,0.9878761768341064,0.012123754248023033
gue_human_tf_0_lora__evo2_1b_base__20260521T051236Z,0,0,0.995685338973999,0.00431468803435564
gue_human_tf_0_lora__evo2_1b_base__20260521T051236Z,0,0,0.9317114353179932,0.06828853487968445
gue_human_tf_0_lora__evo2_1b_base__20260521T051236Z,0,0,0.9877822995185852,0.012217681854963303
gue_human_tf_0_lora__evo2_1b_base__20260521T051236Z,0,0,0.8668667674064636,0.13313321769237518
gue_human_tf_0_lora__evo2_1b_base__20260521T051236Z,0,0,0.9962199330329895,0.00378009513951838
gue_human_tf_0_lora__evo2_1b_base__20260521T051236Z,0,0,0.9854404330253601,0.014559518545866013
gue_human_tf_0_lora__evo2_1b_base__20260521T051236Z,0,1,0.25312182307243347,0.7468782067298889
gue_human_tf_0_lora__evo2_1b_base__20260521T051236Z,0,0,0.9970073103904724,0.0029926649294793606
gue_human_tf_0_lora__evo2_1b_base__20260521T051236Z,0,0,0.8849372863769531,0.11506275832653046
gue_human_tf_0_lora__evo2_1b_base__20260521T051236Z,0,0,0.8303191661834717,0.1696808785200119
gue_human_tf_0_lora__evo2_1b_base__20260521T051236Z,0,1,0.16865147650241852,0.8313485383987427
gue_human_tf_0_lora__evo2_1b_base__20260521T051236Z,0,0,0.9976125955581665,0.002387409098446369
gue_human_tf_0_lora__evo2_1b_base__20260521T051236Z,0,0,0.9840936064720154,0.01590639166533947
gue_human_tf_0_lora__evo2_1b_base__20260521T051236Z,0,0,0.9584600329399109,0.04153996706008911
gue_human_tf_0_lora__evo2_1b_base__20260521T051236Z,0,0,0.9083743095397949,0.0916256457567215
gue_human_tf_0_lora__evo2_1b_base__20260521T051236Z,0,0,0.768298864364624,0.23170112073421478
gue_human_tf_0_lora__evo2_1b_base__20260521T051236Z,0,0,0.9691202640533447,0.03087972104549408
gue_human_tf_0_lora__evo2_1b_base__20260521T051236Z,0,1,0.1846204698085785,0.8153795003890991
gue_human_tf_0_lora__evo2_1b_base__20260521T051236Z,0,1,0.348201721906662,0.6517983078956604
gue_human_tf_0_lora__evo2_1b_base__20260521T051236Z,0,1,0.3798958659172058,0.620104193687439
gue_human_tf_0_lora__evo2_1b_base__20260521T051236Z,0,0,0.9768908023834229,0.023109277710318565
gue_human_tf_0_lora__evo2_1b_base__20260521T051236Z,0,1,0.05374994874000549,0.9462500810623169
gue_human_tf_0_lora__evo2_1b_base__20260521T051236Z,0,0,0.593285322189331,0.40671467781066895
gue_human_tf_0_lora__evo2_1b_base__20260521T051236Z,0,1,0.4096044898033142,0.590395450592041
gue_human_tf_0_lora__evo2_1b_base__20260521T051236Z,0,0,0.7989721894264221,0.20102782547473907
gue_human_tf_0_lora__evo2_1b_base__20260521T051236Z,0,0,0.9119669198989868,0.08803310990333557
gue_human_tf_0_lora__evo2_1b_base__20260521T051236Z,0,0,0.9920312166213989,0.007968815043568611
gue_human_tf_0_lora__evo2_1b_base__20260521T051236Z,0,0,0.5258025527000427,0.4741974472999573
gue_human_tf_0_lora__evo2_1b_base__20260521T051236Z,0,1,0.20609396696090698,0.793906033039093
gue_human_tf_0_lora__evo2_1b_base__20260521T051236Z,0,0,0.9104658365249634,0.08953417837619781
gue_human_tf_0_lora__evo2_1b_base__20260521T051236Z,0,0,0.9426124691963196,0.05738753452897072
gue_human_tf_0_lora__evo2_1b_base__20260521T051236Z,0,1,0.19923008978366852,0.8007699251174927
gue_human_tf_0_lora__evo2_1b_base__20260521T051236Z,0,0,0.6495786309242249,0.35042139887809753
gue_human_tf_0_lora__evo2_1b_base__20260521T051236Z,0,0,0.9539660811424255,0.04603390395641327
gue_human_tf_0_lora__evo2_1b_base__20260521T051236Z,0,0,0.8575296401977539,0.1424703449010849
gue_human_tf_0_lora__evo2_1b_base__20260521T051236Z,0,1,0.1822071522474289,0.8177928328514099
gue_human_tf_0_lora__evo2_1b_base__20260521T051236Z,0,0,0.9913725852966309,0.008627457544207573
gue_human_tf_0_lora__evo2_1b_base__20260521T051236Z,0,0,0.9960314631462097,0.003968500066548586
gue_human_tf_0_lora__evo2_1b_base__20260521T051236Z,0,0,0.9992417097091675,0.000758359965402633
gue_human_tf_0_lora__evo2_1b_base__20260521T051236Z,0,0,0.9007046222686768,0.09929539263248444
gue_human_tf_0_lora__evo2_1b_base__20260521T051236Z,0,0,0.9851861596107483,0.014813886024057865
gue_human_tf_0_lora__evo2_1b_base__20260521T051236Z,0,0,0.6854758858680725,0.3145240843296051
gue_human_tf_0_lora__evo2_1b_base__20260521T051236Z,0,0,0.9519526958465576,0.04804736375808716
gue_human_tf_0_lora__evo2_1b_base__20260521T051236Z,0,1,0.21933749318122864,0.780662477016449
gue_human_tf_0_lora__evo2_1b_base__20260521T051236Z,0,0,0.9636775851249695,0.0363224633038044
gue_human_tf_0_lora__evo2_1b_base__20260521T051236Z,0,0,0.7733874917030334,0.22661243379116058
gue_human_tf_0_lora__evo2_1b_base__20260521T051236Z,0,0,0.9315870404243469,0.0684129074215889
gue_human_tf_0_lora__evo2_1b_base__20260521T051236Z,0,0,0.9261034727096558,0.07389651983976364
gue_human_tf_0_lora__evo2_1b_base__20260521T051236Z,0,0,0.9957848191261292,0.0042151594534516335
gue_human_tf_0_lora__evo2_1b_base__20260521T051236Z,0,0,0.5062815546989441,0.4937185049057007
gue_human_tf_0_lora__evo2_1b_base__20260521T051236Z,0,0,0.5734097361564636,0.42659032344818115
gue_human_tf_0_lora__evo2_1b_base__20260521T051236Z,0,0,0.744749128818512,0.25525081157684326
gue_human_tf_0_lora__evo2_1b_base__20260521T051236Z,0,0,0.5886526703834534,0.41134732961654663
gue_human_tf_0_lora__evo2_1b_base__20260521T051236Z,0,0,0.9313377141952515,0.06866227835416794
gue_human_tf_0_lora__evo2_1b_base__20260521T051236Z,0,0,0.9590777158737183,0.04092230647802353
gue_human_tf_0_lora__evo2_1b_base__20260521T051236Z,0,0,0.8175016045570374,0.18249833583831787
gue_human_tf_0_lora__evo2_1b_base__20260521T051236Z,0,0,0.76082843542099,0.2391716092824936
gue_human_tf_0_lora__evo2_1b_base__20260521T051236Z,0,0,0.8221176862716675,0.17788225412368774
gue_human_tf_0_lora__evo2_1b_base__20260521T051236Z,0,1,0.42414358258247375,0.5758563876152039
gue_human_tf_0_lora__evo2_1b_base__20260521T051236Z,0,0,0.7778065800666809,0.2221933901309967
gue_human_tf_0_lora__evo2_1b_base__20260521T051236Z,0,0,0.994401752948761,0.005598248448222876
gue_human_tf_0_lora__evo2_1b_base__20260521T051236Z,0,0,0.5282748341560364,0.47172513604164124
gue_human_tf_0_lora__evo2_1b_base__20260521T051236Z,0,0,0.8976953029632568,0.10230471193790436
gue_human_tf_0_lora__evo2_1b_base__20260521T051236Z,0,0,0.9819099307060242,0.01808999478816986
gue_human_tf_0_lora__evo2_1b_base__20260521T051236Z,0,0,0.9880388379096985,0.011961097829043865
gue_human_tf_0_lora__evo2_1b_base__20260521T051236Z,0,0,0.9725192785263062,0.02748068980872631
gue_human_tf_0_lora__evo2_1b_base__20260521T051236Z,0,0,0.9645224213600159,0.03547750040888786
gue_human_tf_0_lora__evo2_1b_base__20260521T051236Z,0,0,0.8495347499847412,0.150465190410614
gue_human_tf_0_lora__evo2_1b_base__20260521T051236Z,0,0,0.9921537041664124,0.00784623995423317
gue_human_tf_0_lora__evo2_1b_base__20260521T051236Z,0,0,0.999859094619751,0.00014091856428422034
gue_human_tf_0_lora__evo2_1b_base__20260521T051236Z,0,0,0.7675155997276306,0.2324843555688858
gue_human_tf_0_lora__evo2_1b_base__20260521T051236Z,0,1,0.3616718351840973,0.6383281946182251
gue_human_tf_0_lora__evo2_1b_base__20260521T051236Z,0,0,0.7751796245574951,0.22482039034366608
gue_human_tf_0_lora__evo2_1b_base__20260521T051236Z,0,0,0.6526842713356018,0.3473156988620758
gue_human_tf_0_lora__evo2_1b_base__20260521T051236Z,0,0,0.9954967498779297,0.004503272473812103
gue_human_tf_0_lora__evo2_1b_base__20260521T051236Z,0,0,0.6382717490196228,0.3617281913757324
gue_human_tf_0_lora__evo2_1b_base__20260521T051236Z,0,0,0.9495759606361389,0.05042406544089317
gue_human_tf_0_lora__evo2_1b_base__20260521T051236Z,0,0,0.5238085985183716,0.4761914014816284
gue_human_tf_0_lora__evo2_1b_base__20260521T051236Z,0,0,0.816918134689331,0.18308186531066895
gue_human_tf_0_lora__evo2_1b_base__20260521T051236Z,0,0,0.845496416091919,0.15450352430343628
gue_human_tf_0_lora__evo2_1b_base__20260521T051236Z,0,1,0.22051025927066803,0.7794896960258484
gue_human_tf_0_lora__evo2_1b_base__20260521T051236Z,0,0,0.9736947417259216,0.02630528062582016
gue_human_tf_0_lora__evo2_1b_base__20260521T051236Z,0,0,0.9711838364601135,0.02881619706749916
gue_human_tf_0_lora__evo2_1b_base__20260521T051236Z,0,1,0.3270232081413269,0.6729767918586731
gue_human_tf_0_lora__evo2_1b_base__20260521T051236Z,0,0,0.8384153246879578,0.16158464550971985
gue_human_tf_0_lora__evo2_1b_base__20260521T051236Z,0,0,0.9990226030349731,0.0009773502824828029
gue_human_tf_0_lora__evo2_1b_base__20260521T051236Z,0,0,0.5543950796127319,0.44560492038726807
gue_human_tf_0_lora__evo2_1b_base__20260521T051236Z,0,0,0.967100977897644,0.03289904072880745
gue_human_tf_0_lora__evo2_1b_base__20260521T051236Z,0,0,0.8386136889457703,0.16138629615306854
gue_human_tf_0_lora__evo2_1b_base__20260521T051236Z,0,0,0.7148271203041077,0.28517282009124756
gue_human_tf_0_lora__evo2_1b_base__20260521T051236Z,0,0,0.9690910577774048,0.03090895712375641
gue_human_tf_0_lora__evo2_1b_base__20260521T051236Z,0,0,0.9596487283706665,0.04035123437643051
gue_human_tf_0_lora__evo2_1b_base__20260521T051236Z,0,0,0.986151397228241,0.013848611153662205
gue_human_tf_0_lora__evo2_1b_base__20260521T051236Z,0,0,0.9978342652320862,0.00216576736420393
gue_human_tf_0_lora__evo2_1b_base__20260521T051236Z,0,0,0.998084545135498,0.0019154998008161783
gue_human_tf_0_lora__evo2_1b_base__20260521T051236Z,0,0,0.7078592777252197,0.2921407222747803
gue_human_tf_0_lora__evo2_1b_base__20260521T051236Z,0,0,0.5181804895401001,0.4818195402622223
gue_human_tf_0_lora__evo2_1b_base__20260521T051236Z,0,0,0.9894702434539795,0.010529712773859501
gue_human_tf_0_lora__evo2_1b_base__20260521T051236Z,0,0,0.8443447947502136,0.1556551456451416
gue_human_tf_0_lora__evo2_1b_base__20260521T051236Z,0,0,0.8407825827598572,0.15921741724014282
gue_human_tf_0_lora__evo2_1b_base__20260521T051236Z,0,0,0.7818307876586914,0.21816924214363098
gue_human_tf_0_lora__evo2_1b_base__20260521T051236Z,0,0,0.6888871788978577,0.31111282110214233
gue_human_tf_0_lora__evo2_1b_base__20260521T051236Z,0,0,0.9739189147949219,0.02608109824359417
gue_human_tf_0_lora__evo2_1b_base__20260521T051236Z,0,0,0.9976125955581665,0.002387409098446369
gue_human_tf_0_lora__evo2_1b_base__20260521T051236Z,0,0,0.929951012134552,0.07004895806312561
gue_human_tf_0_lora__evo2_1b_base__20260521T051236Z,0,0,0.9933330416679382,0.006666931323707104
gue_human_tf_0_lora__evo2_1b_base__20260521T051236Z,0,1,0.2608599066734314,0.7391400933265686
gue_human_tf_0_lora__evo2_1b_base__20260521T051236Z,0,0,0.5019466876983643,0.49805331230163574
gue_human_tf_0_lora__evo2_1b_base__20260521T051236Z,0,0,0.9975560903549194,0.0024438865948468447
gue_human_tf_0_lora__evo2_1b_base__20260521T051236Z,0,0,0.8867150545120239,0.11328496038913727
gue_human_tf_0_lora__evo2_1b_base__20260521T051236Z,0,0,0.8464508652687073,0.1535491645336151
gue_human_tf_0_lora__evo2_1b_base__20260521T051236Z,0,0,0.6006276607513428,0.3993723392486572
gue_human_tf_0_lora__evo2_1b_base__20260521T051236Z,0,0,0.8062431216239929,0.1937568485736847
gue_human_tf_0_lora__evo2_1b_base__20260521T051236Z,0,0,0.611816942691803,0.388183057308197
gue_human_tf_0_lora__evo2_1b_base__20260521T051236Z,0,0,0.973087728023529,0.026912305504083633
gue_human_tf_0_lora__evo2_1b_base__20260521T051236Z,0,0,0.9162596464157104,0.08374040573835373
gue_human_tf_0_lora__evo2_1b_base__20260521T051236Z,0,0,0.5941980481147766,0.4058018922805786
gue_human_tf_0_lora__evo2_1b_base__20260521T051236Z,0,0,0.9873993396759033,0.01260062400251627
gue_human_tf_0_lora__evo2_1b_base__20260521T051236Z,0,1,0.4536551237106323,0.5463448762893677
gue_human_tf_0_lora__evo2_1b_base__20260521T051236Z,0,0,0.9830850958824158,0.016914913430809975
gue_human_tf_0_lora__evo2_1b_base__20260521T051236Z,0,0,0.509274423122406,0.49072563648223877
gue_human_tf_0_lora__evo2_1b_base__20260521T051236Z,0,0,0.7535573244094849,0.24644267559051514
gue_human_tf_0_lora__evo2_1b_base__20260521T051236Z,0,0,0.9956346154212952,0.004365325439721346
gue_human_tf_0_lora__evo2_1b_base__20260521T051236Z,0,1,0.01501474715769291,0.9849852323532104
gue_human_tf_0_lora__evo2_1b_base__20260521T051236Z,0,0,0.9989857077598572,0.0010142631363123655
gue_human_tf_0_lora__evo2_1b_base__20260521T051236Z,0,1,0.4718087911605835,0.5281912088394165
gue_human_tf_0_lora__evo2_1b_base__20260521T051236Z,0,1,0.33758556842803955,0.6624144315719604
gue_human_tf_0_lora__evo2_1b_base__20260521T051236Z,0,0,0.7996770739555359,0.2003229260444641
gue_human_tf_0_lora__evo2_1b_base__20260521T051236Z,0,0,0.61555016040802,0.38444983959198
gue_human_tf_0_lora__evo2_1b_base__20260521T051236Z,0,1,0.4964790940284729,0.5035209059715271
gue_human_tf_0_lora__evo2_1b_base__20260521T051236Z,0,0,0.9968087077140808,0.003191267605870962
gue_human_tf_0_lora__evo2_1b_base__20260521T051236Z,0,0,0.9896118640899658,0.010388216935098171
gue_human_tf_0_lora__evo2_1b_base__20260521T051236Z,0,0,0.6625235676765442,0.3374764025211334
gue_human_tf_0_lora__evo2_1b_base__20260521T051236Z,0,0,0.986954391002655,0.013045613653957844
gue_human_tf_0_lora__evo2_1b_base__20260521T051236Z,0,0,0.876581609249115,0.12341844290494919
gue_human_tf_0_lora__evo2_1b_base__20260521T051236Z,0,0,0.8905800580978394,0.10941995680332184
gue_human_tf_0_lora__evo2_1b_base__20260521T051236Z,0,0,0.7040584087371826,0.2959415912628174
gue_human_tf_0_lora__evo2_1b_base__20260521T051236Z,0,0,0.9981288313865662,0.0018712104065343738
gue_human_tf_0_lora__evo2_1b_base__20260521T051236Z,0,0,0.7771308422088623,0.22286923229694366
gue_human_tf_0_lora__evo2_1b_base__20260521T051236Z,0,0,0.8449215292930603,0.1550784558057785
gue_human_tf_0_lora__evo2_1b_base__20260521T051236Z,0,0,0.6941990256309509,0.3058009445667267
gue_human_tf_0_lora__evo2_1b_base__20260521T051236Z,0,0,0.5222326517105103,0.47776734828948975
gue_human_tf_0_lora__evo2_1b_base__20260521T051236Z,0,0,0.5633178949356079,0.4366820752620697
gue_human_tf_0_lora__evo2_1b_base__20260521T051236Z,0,0,0.922062337398529,0.07793769240379333
gue_human_tf_0_lora__evo2_1b_base__20260521T051236Z,0,0,0.9989225268363953,0.0010775026166811585
gue_human_tf_0_lora__evo2_1b_base__20260521T051236Z,0,0,0.907230019569397,0.09276992827653885
gue_human_tf_0_lora__evo2_1b_base__20260521T051236Z,0,1,0.4944402873516083,0.5055597424507141
gue_human_tf_0_lora__evo2_1b_base__20260521T051236Z,0,0,0.5772868394851685,0.42271313071250916
gue_human_tf_0_lora__evo2_1b_base__20260521T051236Z,0,0,0.9996222257614136,0.00037776539102196693
gue_human_tf_0_lora__evo2_1b_base__20260521T051236Z,0,0,0.9929198622703552,0.007080117706209421
gue_human_tf_0_lora__evo2_1b_base__20260521T051236Z,0,0,0.641983687877655,0.3580162823200226
gue_human_tf_0_lora__evo2_1b_base__20260521T051236Z,0,0,0.8915280699729919,0.10847194492816925
gue_human_tf_0_lora__evo2_1b_base__20260521T051236Z,0,1,0.41312193870544434,0.5868780016899109
gue_human_tf_0_lora__evo2_1b_base__20260521T051236Z,0,0,0.9281486868858337,0.07185126841068268
gue_human_tf_0_lora__evo2_1b_base__20260521T051236Z,0,0,0.5961980819702148,0.40380191802978516
gue_human_tf_0_lora__evo2_1b_base__20260521T051236Z,0,0,0.9579908847808838,0.04200905188918114
gue_human_tf_0_lora__evo2_1b_base__20260521T051236Z,0,0,0.9830526113510132,0.016947420313954353
gue_human_tf_0_lora__evo2_1b_base__20260521T051236Z,0,0,0.9939261078834534,0.006073934491723776
gue_human_tf_0_lora__evo2_1b_base__20260521T051236Z,0,0,0.9719924926757812,0.028007520362734795
gue_human_tf_0_lora__evo2_1b_base__20260521T051236Z,0,1,0.28017300367355347,0.7198269963264465
gue_human_tf_0_lora__evo2_1b_base__20260521T051236Z,0,0,0.9505029916763306,0.049497056752443314
gue_human_tf_0_lora__evo2_1b_base__20260521T051236Z,0,0,0.8325091600418091,0.16749082505702972
gue_human_tf_0_lora__evo2_1b_base__20260521T051236Z,0,1,0.3617281913757324,0.6382717490196228
gue_human_tf_0_lora__evo2_1b_base__20260521T051236Z,0,0,0.83635413646698,0.16364581882953644
gue_human_tf_0_lora__evo2_1b_base__20260521T051236Z,0,0,0.9323918223381042,0.06760823726654053
gue_human_tf_0_lora__evo2_1b_base__20260521T051236Z,0,0,0.9984021782875061,0.0015978454612195492
gue_human_tf_0_lora__evo2_1b_base__20260521T051236Z,0,0,0.5814516544342041,0.4185483455657959
gue_human_tf_0_lora__evo2_1b_base__20260521T051236Z,0,0,0.9446893334388733,0.055310651659965515
gue_human_tf_0_lora__evo2_1b_base__20260521T051236Z,0,1,0.47037166357040405,0.529628336429596
gue_human_tf_0_lora__evo2_1b_base__20260521T051236Z,0,0,0.8982321619987488,0.10176783800125122
gue_human_tf_0_lora__evo2_1b_base__20260521T051236Z,0,0,0.737441897392273,0.26255810260772705
gue_human_tf_0_lora__evo2_1b_base__20260521T051236Z,0,0,0.9308364987373352,0.06916356831789017
gue_human_tf_0_lora__evo2_1b_base__20260521T051236Z,0,0,0.9816126823425293,0.01838725432753563
gue_human_tf_0_lora__evo2_1b_base__20260521T051236Z,0,1,0.1139734610915184,0.8860265612602234
gue_human_tf_0_lora__evo2_1b_base__20260521T051236Z,0,0,0.969613254070282,0.030386749655008316
gue_human_tf_0_lora__evo2_1b_base__20260521T051236Z,0,0,0.8407825827598572,0.15921741724014282
gue_human_tf_0_lora__evo2_1b_base__20260521T051236Z,0,0,0.9263036847114563,0.07369626313447952
gue_human_tf_0_lora__evo2_1b_base__20260521T051236Z,0,1,0.30435171723365784,0.6956482529640198
gue_human_tf_0_lora__evo2_1b_base__20260521T051236Z,0,0,0.6492451429367065,0.35075491666793823
gue_human_tf_0_lora__evo2_1b_base__20260521T051236Z,0,0,0.6782736778259277,0.3217262923717499
gue_human_tf_0_lora__evo2_1b_base__20260521T051236Z,0,0,0.9259026646614075,0.07409726083278656
gue_human_tf_0_lora__evo2_1b_base__20260521T051236Z,0,0,0.9219217896461487,0.07807816565036774
gue_human_tf_0_lora__evo2_1b_base__20260521T051236Z,0,0,0.8610715270042419,0.13892842829227448
gue_human_tf_0_lora__evo2_1b_base__20260521T051236Z,0,0,0.5772570967674255,0.42274293303489685
gue_human_tf_0_lora__evo2_1b_base__20260521T051236Z,0,0,0.75743567943573,0.24256429076194763
gue_human_tf_0_lora__evo2_1b_base__20260521T051236Z,0,1,0.47113198041915894,0.5288680195808411
gue_human_tf_0_lora__evo2_1b_base__20260521T051236Z,0,0,0.9994663596153259,0.0005336928297765553
gue_human_tf_0_lora__evo2_1b_base__20260521T051236Z,0,0,0.9348130226135254,0.06518702954053879
gue_human_tf_0_lora__evo2_1b_base__20260521T051236Z,0,0,0.565958559513092,0.43404144048690796
gue_human_tf_0_lora__evo2_1b_base__20260521T051236Z,0,0,0.9732661247253418,0.02673386223614216
gue_human_tf_0_lora__evo2_1b_base__20260521T051236Z,0,0,0.8853343725204468,0.11466560512781143
gue_human_tf_0_lora__evo2_1b_base__20260521T051236Z,0,0,0.9212868809700012,0.07871317118406296
gue_human_tf_0_lora__evo2_1b_base__20260521T051236Z,0,0,0.9994766116142273,0.0005233756965026259
gue_human_tf_0_lora__evo2_1b_base__20260521T051236Z,0,1,0.39749982953071594,0.6025002002716064
gue_human_tf_0_lora__evo2_1b_base__20260521T051236Z,0,0,0.80935138463974,0.19064868986606598
gue_human_tf_0_lora__evo2_1b_base__20260521T051236Z,0,1,0.16125419735908508,0.8387458324432373
gue_human_tf_0_lora__evo2_1b_base__20260521T051236Z,0,0,0.7531036734580994,0.24689632654190063
gue_human_tf_0_lora__evo2_1b_base__20260521T051236Z,0,1,0.20833994448184967,0.7916600704193115
gue_human_tf_0_lora__evo2_1b_base__20260521T051236Z,0,1,0.44078516960144043,0.5592148303985596
gue_human_tf_0_lora__evo2_1b_base__20260521T051236Z,0,0,0.956063449382782,0.043936531990766525
gue_human_tf_0_lora__evo2_1b_base__20260521T051236Z,0,0,0.9685898423194885,0.03141012787818909
gue_human_tf_0_lora__evo2_1b_base__20260521T051236Z,0,0,0.8259410262107849,0.17405901849269867
gue_human_tf_0_lora__evo2_1b_base__20260521T051236Z,0,0,0.8811042904853821,0.11889567226171494
gue_human_tf_0_lora__evo2_1b_base__20260521T051236Z,0,0,0.9994218349456787,0.0005781620275229216
gue_human_tf_0_lora__evo2_1b_base__20260521T051236Z,0,0,0.9979493021965027,0.0020507436711341143
gue_human_tf_0_lora__evo2_1b_base__20260521T051236Z,0,0,0.890198826789856,0.10980120301246643
gue_human_tf_0_lora__evo2_1b_base__20260521T051236Z,0,0,0.9433475732803345,0.05665242671966553
gue_human_tf_0_lora__evo2_1b_base__20260521T051236Z,0,1,0.42131370306015015,0.5786862969398499
gue_human_tf_0_lora__evo2_1b_base__20260521T051236Z,0,0,0.9865199327468872,0.013480103574693203
gue_human_tf_0_lora__evo2_1b_base__20260521T051236Z,0,0,0.8283147811889648,0.17168524861335754
gue_human_tf_0_lora__evo2_1b_base__20260521T051236Z,0,0,0.8506547808647156,0.14934518933296204
gue_human_tf_0_lora__evo2_1b_base__20260521T051236Z,0,0,0.646515965461731,0.35348400473594666
gue_human_tf_0_lora__evo2_1b_base__20260521T051236Z,0,0,0.9917323589324951,0.008267596364021301
gue_human_tf_0_lora__evo2_1b_base__20260521T051236Z,0,0,0.9971495270729065,0.002850455464795232
gue_human_tf_0_lora__evo2_1b_base__20260521T051236Z,0,0,0.9996222257614136,0.00037776539102196693
gue_human_tf_0_lora__evo2_1b_base__20260521T051236Z,0,0,0.952397346496582,0.04760265350341797
gue_human_tf_0_lora__evo2_1b_base__20260521T051236Z,0,0,0.9989266991615295,0.0010733063099905849
gue_human_tf_0_lora__evo2_1b_base__20260521T051236Z,0,1,0.29838910698890686,0.7016108632087708
gue_human_tf_0_lora__evo2_1b_base__20260521T051236Z,0,1,0.19993211328983307,0.8000679016113281
gue_human_tf_0_lora__evo2_1b_base__20260521T051236Z,0,0,0.839799702167511,0.1602003276348114
gue_human_tf_0_lora__evo2_1b_base__20260521T051236Z,0,0,0.9924958944320679,0.00750415725633502
gue_human_tf_0_lora__evo2_1b_base__20260521T051236Z,0,0,0.7343100905418396,0.2656899094581604
gue_human_tf_0_lora__evo2_1b_base__20260521T051236Z,0,0,0.9942362904548645,0.005763727240264416
gue_human_tf_0_lora__evo2_1b_base__20260521T051236Z,0,0,0.9933974742889404,0.006602569483220577
